"","X1_validation","X2_validation","Y_validation"
"1",1496,313,4
"2",2913,169,4
"3",66,322,5
"4",2586,780,5
"5",501,754,5
"6",1492,31,5
"7",2103,522,5
"8",1780,919,5
"9",982,123,5
"10",1338,418,3
"11",1468,52,5
"12",1355,52,5
"13",1745,384,5
"14",67,204,5
"15",1634,222,5
"16",1650,148,5
"17",1170,722,3
"18",2327,952,5
"19",2515,47,5
"20",1405,838,5
"21",1610,903,5
"22",1568,15,5
"23",117,564,5
"24",1393,24,5
"25",668,899,5
"26",1457,378,5
"27",975,763,5
"28",2591,817,5
"29",1658,71,1
"30",309,588,3
"31",2750,435,5
"32",550,103,5
"33",481,537,5
"34",2865,5,5
"35",2709,447,5
"36",1501,8,4
"37",1250,157,5
"38",2360,19,5
"39",1119,412,5
"40",1358,225,5
"41",2156,245,5
"42",471,879,5
"43",474,96,5
"44",280,350,5
"45",1424,96,5
"46",1780,20,5
"47",983,814,5
"48",2870,711,5
"49",108,46,4
"50",1535,86,3
"51",718,283,1
"52",909,359,2
"53",2559,217,4
"54",1682,98,5
"55",702,269,4
"56",661,33,5
"57",2188,101,5
"58",1289,607,5
"59",2295,227,5
"60",2073,526,5
"61",2723,245,5
"62",85,601,5
"63",1691,976,5
"64",1069,2,5
"65",32,223,5
"66",1268,460,3
"67",631,347,5
"68",2204,526,5
"69",1667,431,5
"70",2124,563,5
"71",1255,30,4
"72",2153,430,5
"73",2478,529,5
"74",1226,110,5
"75",79,736,5
"76",1012,591,4
"77",20,363,4
"78",1377,157,5
"79",1960,23,5
"80",869,838,5
"81",557,147,5
"82",2670,280,4
"83",58,645,5
"84",216,332,5
"85",627,287,5
"86",1115,391,5
"87",2056,18,5
"88",1921,269,5
"89",2431,85,5
"90",2308,5,1
"91",1342,294,5
"92",2195,133,4
"93",1831,332,5
"94",1800,561,5
"95",2085,462,2
"96",1823,833,5
"97",1024,906,1
"98",2534,588,3
"99",25,68,5
"100",706,48,5
"101",658,780,4
"102",255,231,3
"103",763,469,5
"104",1415,61,5
"105",1447,354,5
"106",298,708,4
"107",793,218,5
"108",536,409,5
"109",1458,653,5
"110",2768,687,5
"111",407,163,4
"112",2976,737,5
"113",1363,960,5
"114",991,54,5
"115",1458,227,5
"116",2346,11,2
"117",199,761,4
"118",798,784,1
"119",339,327,3
"120",683,10,5
"121",1473,317,5
"122",2213,147,5
"123",1520,942,5
"124",841,699,5
"125",1013,16,5
"126",2318,302,4
"127",2218,267,5
"128",1610,457,5
"129",1581,245,5
"130",793,739,5
"131",2763,292,5
"132",1171,541,5
"133",2640,344,5
"134",724,183,5
"135",717,105,5
"136",1983,688,5
"137",1213,413,4
"138",1912,994,5
"139",1444,13,5
"140",1871,350,4
"141",196,238,3
"142",1809,507,4
"143",572,181,2
"144",2912,185,5
"145",2959,807,4
"146",1832,389,5
"147",2283,124,1
"148",453,409,4
"149",1738,84,5
"150",71,463,5
"151",1203,707,5
"152",2101,224,5
"153",2048,437,5
"154",2962,378,4
"155",907,99,5
"156",1922,36,4
"157",2188,783,5
"158",1584,306,5
"159",2618,618,5
"160",2984,91,5
"161",1106,73,4
"162",1186,361,5
"163",2837,377,4
"164",195,783,3
"165",1413,242,5
"166",2795,355,5
"167",2463,133,4
"168",2665,466,3
"169",2744,743,2
"170",810,77,5
"171",1520,319,5
"172",2949,209,3
"173",763,779,2
"174",103,794,5
"175",2084,270,5
"176",2950,247,5
"177",2123,77,5
"178",1174,106,5
"179",908,972,5
"180",2941,652,5
"181",841,147,5
"182",326,133,5
"183",1984,12,5
"184",2978,722,1
"185",2048,445,5
"186",953,723,2
"187",1267,402,5
"188",2198,868,5
"189",2326,222,5
"190",1856,441,4
"191",621,101,5
"192",1689,947,5
"193",2223,951,5
"194",840,801,5
"195",2372,520,4
"196",2850,283,5
"197",535,239,5
"198",731,42,5
"199",1606,410,4
"200",1735,231,2
"201",1120,352,5
"202",748,421,5
"203",2221,80,5
"204",1529,52,5
"205",506,291,5
"206",2019,648,5
"207",1632,40,2
"208",59,46,5
"209",1582,80,5
"210",2295,227,5
"211",2044,19,5
"212",1938,293,5
"213",1374,350,5
"214",750,10,5
"215",1308,285,5
"216",1684,616,5
"217",866,514,5
"218",1768,84,5
"219",1079,66,4
"220",348,193,5
"221",2017,21,5
"222",2214,16,1
"223",1354,270,5
"224",2923,615,5
"225",1493,252,5
"226",1857,761,5
"227",970,746,5
"228",2500,174,5
"229",351,584,5
"230",1821,269,5
"231",2262,33,5
"232",822,430,4
"233",908,46,3
"234",2925,241,5
"235",2314,235,5
"236",371,283,3
"237",255,84,4
"238",1390,98,5
"239",423,222,5
"240",1417,697,5
"241",954,510,5
"242",2781,405,5
"243",125,14,5
"244",444,23,5
"245",126,781,1
"246",2054,547,5
"247",1875,500,4
"248",2265,550,5
"249",1039,646,5
"250",2853,140,5
"251",2582,73,5
"252",2494,391,4
"253",1840,789,5
"254",1802,646,4
"255",2065,222,5
"256",2522,80,4
"257",1813,514,5
"258",783,813,5
"259",2058,290,5
"260",1466,730,4
"261",1397,189,5
"262",2473,131,5
"263",1380,840,5
"264",467,68,5
"265",1018,886,5
"266",2240,733,3
"267",398,479,4
"268",18,880,4
"269",1242,103,5
"270",728,225,5
"271",1512,219,5
"272",247,520,1
"273",1413,72,5
"274",270,994,4
"275",2456,717,5
"276",2534,378,5
"277",552,241,5
"278",1409,520,5
"279",1460,214,5
"280",1111,652,5
"281",2162,985,5
"282",2910,748,4
"283",2274,177,4
"284",1434,903,5
"285",2403,237,5
"286",2880,181,1
"287",2988,7,5
"288",245,772,5
"289",1950,251,5
"290",2347,7,5
"291",2507,806,5
"292",504,133,5
"293",1360,68,4
"294",661,838,5
"295",77,157,5
"296",1224,832,5
"297",167,266,5
"298",1745,653,5
"299",313,272,5
"300",2690,271,4
"301",2332,457,5
"302",1903,283,5
"303",2297,257,1
"304",775,252,5
"305",2395,327,4
"306",123,222,5
"307",818,105,3
"308",2499,169,5
"309",2280,53,5
"310",1684,129,5
"311",691,681,5
"312",1204,179,5
"313",1863,170,5
"314",2857,143,3
"315",1033,344,5
"316",2237,7,5
"317",278,105,5
"318",137,19,5
"319",2711,171,2
"320",1749,385,3
"321",252,837,5
"322",1545,223,5
"323",44,245,5
"324",868,112,5
"325",237,103,5
"326",1347,291,5
"327",836,450,3
"328",2835,524,5
"329",575,794,5
"330",2213,222,5
"331",838,467,5
"332",2196,170,5
"333",488,166,5
"334",2912,283,5
"335",101,66,5
"336",510,964,5
"337",1002,399,5
"338",766,320,5
"339",2380,3,4
"340",1393,281,5
"341",1537,30,3
"342",358,450,5
"343",2600,378,5
"344",101,838,5
"345",1857,587,5
"346",1924,65,3
"347",429,129,4
"348",588,520,5
"349",870,624,4
"350",2850,181,5
"351",160,469,5
"352",2962,588,4
"353",2155,410,5
"354",2566,170,5
"355",1955,206,5
"356",1757,411,5
"357",680,855,5
"358",580,224,4
"359",561,7,5
"360",890,447,5
"361",1958,690,5
"362",2403,340,5
"363",1446,69,5
"364",1803,23,5
"365",374,262,5
"366",387,273,4
"367",1667,69,5
"368",1683,553,4
"369",1994,624,4
"370",2438,16,1
"371",1764,350,4
"372",60,157,5
"373",357,696,5
"374",401,646,5
"375",678,761,5
"376",737,133,5
"377",2789,157,5
"378",1339,31,4
"379",2836,297,5
"380",394,763,4
"381",710,583,5
"382",1019,686,5
"383",1770,254,5
"384",2882,886,5
"385",2137,233,5
"386",2891,746,5
"387",2266,275,3
"388",2046,222,4
"389",1875,418,3
"390",1107,650,5
"391",2870,574,5
"392",2004,224,4
"393",1017,515,5
"394",2351,447,1
"395",1381,55,3
"396",1477,236,5
"397",2320,397,4
"398",1129,16,5
"399",2220,409,3
"400",852,474,5
"401",191,417,4
"402",2160,44,5
"403",1479,314,5
"404",1567,480,5
"405",2015,830,5
"406",1369,10,5
"407",1782,228,5
"408",1022,253,5
"409",2786,270,1
"410",2162,876,5
"411",1169,485,5
"412",2974,879,5
"413",1575,597,5
"414",1172,457,5
"415",742,234,5
"416",1235,827,5
"417",1569,823,5
"418",1315,208,5
"419",757,978,5
"420",2705,479,5
"421",330,745,1
"422",1882,174,4
"423",216,926,5
"424",2720,840,5
"425",726,618,1
"426",613,63,1
"427",2127,312,5
"428",76,157,5
"429",561,52,5
"430",20,463,2
"431",308,391,5
"432",1741,464,5
"433",1513,378,5
"434",494,179,5
"435",690,19,5
"436",880,30,3
"437",2354,554,5
"438",8,473,5
"439",564,646,3
"440",1692,388,5
"441",324,183,4
"442",771,447,5
"443",2650,512,5
"444",536,341,5
"445",1418,529,5
"446",120,619,5
"447",307,262,5
"448",1662,20,4
"449",1559,236,5
"450",1486,39,5
"451",1444,329,5
"452",2545,176,5
"453",1253,126,5
"454",1633,487,5
"455",2189,880,4
"456",306,560,5
"457",1026,655,4
"458",2522,588,5
"459",576,976,4
"460",1793,901,4
"461",586,73,5
"462",1450,12,5
"463",2391,525,3
"464",2258,113,3
"465",2673,760,4
"466",1627,283,5
"467",2121,244,5
"468",2678,545,5
"469",527,648,5
"470",434,176,5
"471",2460,532,5
"472",2774,19,5
"473",188,236,5
"474",849,84,5
"475",1130,472,3
"476",155,971,5
"477",115,69,5
"478",2715,18,4
"479",2840,837,5
"480",1695,412,5
"481",2983,859,4
"482",211,312,5
"483",502,50,3
"484",2500,289,5
"485",820,332,5
"486",446,52,4
"487",2714,469,5
"488",518,269,5
"489",261,597,2
"490",2342,73,5
"491",2112,245,5
"492",773,10,5
"493",369,310,2
"494",783,694,5
"495",195,5,5
"496",2966,275,5
"497",1824,386,1
"498",2293,280,5
"499",1040,387,3
"500",2918,20,2
"501",768,618,5
"502",812,750,5
"503",158,113,4
"504",2367,405,3
"505",1326,209,3
"506",830,430,5
"507",2635,66,5
"508",1071,756,5
"509",2372,926,3
"510",1433,940,5
"511",2399,189,5
"512",1188,291,5
"513",2501,71,5
"514",507,5,5
"515",2304,879,5
"516",555,773,5
"517",2755,384,4
"518",1243,57,4
"519",2893,129,5
"520",332,133,5
"521",2329,609,5
"522",16,175,5
"523",2709,435,5
"524",2939,588,5
"525",2547,681,5
"526",1506,290,5
"527",824,332,5
"528",1375,588,5
"529",1474,696,5
"530",1113,573,5
"531",1557,391,4
"532",810,652,5
"533",1068,210,5
"534",425,588,4
"535",534,784,5
"536",6,760,5
"537",1175,363,5
"538",2102,129,5
"539",386,634,4
"540",1903,174,5
"541",2858,181,2
"542",187,69,5
"543",2567,69,1
"544",770,5,5
"545",2737,789,5
"546",335,458,5
"547",523,254,4
"548",1431,35,5
"549",1714,7,5
"550",350,36,5
"551",2035,820,5
"552",2788,140,4
"553",517,902,5
"554",1114,255,3
"555",1401,314,5
"556",2178,64,4
"557",127,2,5
"558",1450,665,5
"559",984,767,5
"560",1582,281,5
"561",2653,294,5
"562",1893,204,4
"563",1689,146,4
"564",1548,31,4
"565",2109,32,5
"566",373,204,5
"567",2640,494,5
"568",1733,621,5
"569",643,824,4
"570",1698,5,5
"571",729,223,4
"572",1377,350,5
"573",1903,919,4
"574",2066,1000,5
"575",356,60,5
"576",2220,183,5
"577",2157,6,5
"578",16,506,4
"579",1432,68,1
"580",1535,86,3
"581",2370,278,5
"582",903,147,4
"583",1569,294,5
"584",1293,624,5
"585",2358,42,4
"586",700,147,5
"587",601,22,5
"588",2058,442,5
"589",2398,655,1
"590",2526,395,5
"591",2854,18,5
"592",1037,489,5
"593",492,281,4
"594",2171,314,1
"595",451,176,5
"596",1071,468,5
"597",1217,948,5
"598",2737,18,5
"599",41,133,5
"600",806,309,5
"601",1277,44,5
"602",1239,91,5
"603",2657,62,5
"604",903,115,5
"605",2303,157,5
"606",1826,413,5
"607",2225,597,5
"608",1516,281,5
"609",1514,108,5
"610",1062,241,5
"611",2189,447,5
"612",149,647,5
"613",2729,308,4
"614",2946,175,5
"615",200,2,5
"616",2149,80,5
"617",2310,116,4
"618",2499,462,5
"619",357,124,5
"620",1966,109,4
"621",848,466,5
"622",423,803,5
"623",1966,20,5
"624",84,389,4
"625",2559,576,1
"626",2037,421,5
"627",1073,596,5
"628",2780,5,4
"629",2946,81,5
"630",1058,584,4
"631",2624,193,5
"632",2529,584,5
"633",1684,295,5
"634",2119,189,5
"635",1738,146,5
"636",1708,859,5
"637",2785,583,5
"638",2538,927,5
"639",679,281,5
"640",2850,311,5
"641",1780,229,5
"642",637,389,3
"643",2406,103,4
"644",1157,721,5
"645",1904,485,5
"646",474,96,5
"647",1892,42,4
"648",1000,234,5
"649",717,164,5
"650",2669,351,5
"651",255,428,5
"652",2533,18,5
"653",840,463,5
"654",2409,733,5
"655",1206,538,5
"656",2924,10,5
"657",301,350,5
"658",415,345,5
"659",335,771,5
"660",598,46,5
"661",2344,489,4
"662",340,341,5
"663",2302,695,3
"664",1334,245,5
"665",1588,399,4
"666",2334,794,5
"667",2244,84,5
"668",2847,157,5
"669",536,450,5
"670",1116,281,5
"671",2501,474,5
"672",2925,886,2
"673",2452,40,5
"674",2060,302,5
"675",999,133,5
"676",56,621,4
"677",2227,304,5
"678",1437,43,5
"679",1609,761,5
"680",1838,911,3
"681",723,45,5
"682",573,251,5
"683",1736,697,5
"684",2448,179,5
"685",1155,639,1
"686",874,1,3
"687",1626,281,5
"688",2455,179,5
"689",1966,18,5
"690",478,2,3
"691",1672,222,5
"692",1269,44,5
"693",2539,399,2
"694",2615,874,4
"695",303,998,5
"696",698,448,5
"697",646,923,1
"698",567,412,4
"699",731,44,5
"700",1775,789,5
"701",667,423,5
"702",2073,582,5
"703",220,781,4
"704",427,10,5
"705",138,96,1
"706",521,941,5
"707",1944,879,5
"708",671,222,5
"709",2291,783,5
"710",1710,147,5
"711",1208,71,5
"712",2265,5,5
"713",213,469,5
"714",2224,10,4
"715",1678,499,5
"716",2119,378,4
"717",1440,994,5
"718",2165,879,3
"719",2884,429,1
"720",1385,98,3
"721",1763,789,5
"722",2486,358,5
"723",2941,872,5
"724",152,771,5
"725",1470,750,5
"726",2909,520,5
"727",534,618,5
"728",719,380,5
"729",167,817,5
"730",584,497,5
"731",1988,820,1
"732",59,289,5
"733",1010,836,5
"734",2909,36,5
"735",2948,906,5
"736",467,671,5
"737",2449,36,5
"738",1424,886,5
"739",256,571,5
"740",1897,237,5
"741",245,279,5
"742",1954,234,4
"743",1997,253,4
"744",1637,849,5
"745",166,59,1
"746",904,329,5
"747",2,981,5
"748",364,481,5
"749",1564,294,5
"750",162,48,5
"751",2899,129,5
"752",2888,485,5
"753",1250,84,5
"754",1956,879,5
"755",37,548,5
"756",1467,244,5
"757",2568,236,5
"758",2889,179,4
"759",92,991,5
"760",1352,172,5
"761",2687,541,5
"762",840,101,5
"763",1878,696,5
"764",1880,209,5
"765",484,876,4
"766",270,474,5
"767",2968,379,4
"768",616,157,5
"769",1274,21,5
"770",1131,16,5
"771",834,353,1
"772",150,8,5
"773",2833,176,5
"774",1171,576,5
"775",360,888,5
"776",1065,109,5
"777",1368,485,5
"778",1711,103,5
"779",941,210,1
"780",1246,876,5
"781",2642,164,5
"782",1812,750,5
"783",1185,309,5
"784",2834,750,5
"785",1188,195,5
"786",677,106,5
"787",1410,281,5
"788",2903,238,5
"789",1131,102,5
"790",2665,252,5
"791",67,189,5
"792",163,449,5
"793",3,196,5
"794",213,116,5
"795",1917,532,4
"796",1312,771,5
"797",412,281,5
"798",1702,564,5
"799",447,52,5
"800",2530,36,4
"801",2740,73,5
"802",2539,783,5
"803",2454,210,5
"804",2347,321,5
"805",700,789,5
"806",580,836,5
"807",98,553,5
"808",2106,536,5
"809",248,34,5
"810",2945,865,5
"811",2396,443,5
"812",266,649,5
"813",2599,383,5
"814",1605,280,5
"815",575,135,5
"816",1449,248,5
"817",386,36,4
"818",259,20,5
"819",850,149,4
"820",1852,295,5
"821",347,16,2
"822",373,926,5
"823",2673,241,5
"824",1031,467,5
"825",2479,982,5
"826",709,506,5
"827",1729,544,5
"828",2143,828,5
"829",1271,312,2
"830",950,123,5
"831",869,761,5
"832",2196,132,1
"833",1592,204,5
"834",2218,461,5
"835",2249,266,5
"836",1894,317,5
"837",2883,517,4
"838",2527,706,5
"839",2482,335,5
"840",1063,859,5
"841",545,389,4
"842",63,7,5
"843",585,133,4
"844",1871,509,5
"845",1429,5,5
"846",1156,77,5
"847",1979,679,5
"848",2053,260,5
"849",693,103,4
"850",1726,725,1
"851",1266,349,5
"852",982,302,4
"853",1860,234,4
"854",2012,976,5
"855",1841,500,5
"856",2134,99,5
"857",683,60,5
"858",2192,92,5
"859",2110,926,3
"860",358,644,4
"861",1820,52,4
"862",1964,236,4
"863",1210,254,5
"864",2682,335,5
"865",2657,253,5
"866",1975,429,5
"867",938,897,5
"868",2144,99,2
"869",2206,616,5
"870",840,254,5
"871",1473,2,5
"872",2508,285,4
"873",988,5,5
"874",249,902,5
"875",1015,193,1
"876",449,961,5
"877",212,472,4
"878",664,974,4
"879",1430,643,2
"880",669,919,5
"881",484,281,5
"882",1763,221,5
"883",2838,248,2
"884",2774,474,5
"885",97,859,5
"886",749,142,5
"887",1094,19,3
"888",2808,366,5
"889",2269,833,5
"890",2108,105,1
"891",250,174,3
"892",2874,418,5
"893",2560,916,5
"894",1341,172,5
"895",831,646,5
"896",93,5,5
"897",2447,452,5
"898",2773,473,5
"899",414,80,5
"900",216,925,5
"901",181,926,5
"902",133,270,5
"903",2463,281,3
"904",2409,305,5
"905",235,898,5
"906",2119,602,4
"907",2515,618,5
"908",1237,591,5
"909",1296,265,5
"910",1369,344,5
"911",105,189,5
"912",2363,40,5
"913",2710,625,3
"914",2023,1,3
"915",860,536,1
"916",625,179,4
"917",570,112,5
"918",35,68,5
"919",1221,532,5
"920",318,28,3
"921",123,370,5
"922",2821,16,2
"923",551,280,3
"924",2661,409,5
"925",679,241,5
"926",422,946,5
"927",2993,313,5
"928",1153,35,1
"929",990,157,5
"930",1588,164,4
"931",894,308,4
"932",304,485,5
"933",1701,806,5
"934",220,649,5
"935",664,761,3
"936",2177,237,5
"937",778,42,5
"938",2727,618,5
"939",2538,357,5
"940",522,100,5
"941",1124,965,5
"942",1086,480,5
"943",2171,236,5
"944",804,591,5
"945",1634,303,5
"946",137,238,5
"947",1997,213,4
"948",1926,300,5
"949",2239,143,5
"950",617,123,5
"951",2720,582,5
"952",728,359,5
"953",973,16,5
"954",453,714,5
"955",1620,819,5
"956",2653,512,5
"957",384,92,2
"958",2350,224,5
"959",594,343,5
"960",416,635,5
"961",1710,413,1
"962",1499,633,5
"963",417,49,5
"964",1765,9,5
"965",2320,530,5
"966",145,19,5
"967",167,474,5
"968",395,855,5
"969",1193,349,5
"970",1856,347,5
"971",2941,13,4
"972",752,225,5
"973",2759,378,4
"974",782,80,5
"975",1980,442,5
"976",1988,615,1
"977",1301,253,5
"978",1269,477,5
"979",2509,28,5
"980",755,880,5
"981",1287,252,4
"982",236,254,1
"983",1164,45,2
"984",958,147,5
"985",2497,350,5
"986",2401,747,5
"987",1759,976,3
"988",2785,338,5
"989",1116,696,4
"990",714,196,5
"991",1755,363,5
"992",2077,146,2
"993",2928,112,5
"994",223,4,5
"995",1594,248,4
"996",1706,245,5
"997",339,853,4
"998",1842,66,5
"999",582,23,5
"1000",1156,587,5
"1001",793,525,5
"1002",1474,604,5
"1003",489,74,5
"1004",55,919,5
"1005",303,476,5
"1006",1168,163,3
"1007",1820,467,4
"1008",868,222,5
"1009",2974,366,5
"1010",940,515,5
"1011",1984,290,4
"1012",2514,5,5
"1013",1753,702,5
"1014",936,347,5
"1015",659,224,5
"1016",1616,164,5
"1017",2155,314,5
"1018",2854,540,4
"1019",2846,839,5
"1020",2850,683,5
"1021",2815,281,5
"1022",1290,266,4
"1023",2398,652,4
"1024",1638,389,5
"1025",472,146,4
"1026",2987,222,5
"1027",2712,140,2
"1028",546,417,5
"1029",536,750,5
"1030",1067,18,3
"1031",1858,235,5
"1032",2075,45,5
"1033",105,509,5
"1034",1195,391,5
"1035",2384,761,5
"1036",76,281,5
"1037",1983,201,5
"1038",1485,55,5
"1039",12,57,5
"1040",914,84,5
"1041",688,5,5
"1042",947,1,4
"1043",746,53,5
"1044",995,170,5
"1045",2662,120,5
"1046",221,276,5
"1047",1060,489,5
"1048",1113,587,5
"1049",96,99,5
"1050",244,542,3
"1051",1971,255,5
"1052",263,782,5
"1053",2116,19,4
"1054",1355,313,5
"1055",948,189,5
"1056",578,908,5
"1057",1999,350,5
"1058",2612,256,5
"1059",2996,577,5
"1060",546,241,5
"1061",2340,46,1
"1062",839,179,3
"1063",14,35,5
"1064",7,133,4
"1065",2845,743,3
"1066",2055,63,3
"1067",2345,280,5
"1068",1267,237,4
"1069",362,110,5
"1070",2270,789,5
"1071",1005,509,5
"1072",1732,785,3
"1073",2377,280,5
"1074",302,46,5
"1075",2440,756,4
"1076",906,761,5
"1077",480,370,4
"1078",1394,155,5
"1079",2725,18,5
"1080",208,180,2
"1081",1623,544,4
"1082",2220,806,5
"1083",407,101,5
"1084",2265,317,5
"1085",435,208,2
"1086",2504,976,5
"1087",1803,146,5
"1088",2361,504,5
"1089",2005,157,5
"1090",1805,697,5
"1091",2005,31,5
"1092",1361,394,5
"1093",2454,52,5
"1094",145,5,4
"1095",434,16,5
"1096",2877,335,5
"1097",43,234,5
"1098",2763,105,5
"1099",1513,63,4
"1100",855,133,4
"1101",865,147,5
"1102",2354,177,5
"1103",830,222,5
"1104",1518,156,4
"1105",1225,2,5
"1106",2981,507,5
"1107",106,919,2
"1108",1857,926,5
"1109",2069,90,5
"1110",633,688,5
"1111",615,623,5
"1112",1274,561,5
"1113",1373,135,5
"1114",537,463,5
"1115",1875,42,3
"1116",840,342,5
"1117",2224,514,4
"1118",405,2,5
"1119",1242,103,4
"1120",2494,12,5
"1121",867,96,5
"1122",2999,469,5
"1123",301,409,5
"1124",1075,466,5
"1125",1303,342,2
"1126",2100,921,4
"1127",1180,245,5
"1128",2393,35,2
"1129",1546,485,5
"1130",2799,535,4
"1131",95,245,5
"1132",449,412,5
"1133",1579,177,5
"1134",856,544,5
"1135",1468,266,5
"1136",643,377,5
"1137",1241,701,5
"1138",256,899,5
"1139",2682,694,5
"1140",147,863,5
"1141",1018,241,5
"1142",654,108,5
"1143",103,183,5
"1144",2434,391,5
"1145",271,781,1
"1146",527,524,5
"1147",2020,531,1
"1148",1790,101,4
"1149",887,218,4
"1150",307,515,5
"1151",2209,129,1
"1152",380,679,5
"1153",2316,37,5
"1154",1590,320,5
"1155",271,268,1
"1156",1722,41,5
"1157",2857,76,4
"1158",2995,546,4
"1159",19,635,5
"1160",211,653,5
"1161",2251,925,4
"1162",1388,433,1
"1163",2553,560,5
"1164",1711,220,5
"1165",1163,567,5
"1166",125,252,5
"1167",732,133,5
"1168",2179,122,5
"1169",2377,147,5
"1170",2412,268,5
"1171",2310,347,5
"1172",1852,369,5
"1173",894,30,5
"1174",446,466,4
"1175",1292,350,5
"1176",2006,435,5
"1177",1435,277,4
"1178",2727,96,5
"1179",99,703,5
"1180",2528,52,5
"1181",2871,68,5
"1182",562,541,2
"1183",1675,334,3
"1184",1647,770,5
"1185",2236,73,5
"1186",1533,344,5
"1187",2096,123,5
"1188",478,694,5
"1189",1550,36,5
"1190",282,95,5
"1191",2421,224,5
"1192",2003,133,5
"1193",550,458,5
"1194",1642,487,3
"1195",446,564,4
"1196",2798,106,4
"1197",177,378,5
"1198",2199,532,5
"1199",1736,313,5
"1200",214,2,5
"1201",581,951,5
"1202",2383,627,5
"1203",570,247,5
"1204",2524,140,5
"1205",439,549,5
"1206",2090,176,5
"1207",160,180,5
"1208",2638,602,5
"1209",826,609,5
"1210",1033,460,5
"1211",2642,369,5
"1212",1084,58,5
"1213",1469,403,5
"1214",51,273,4
"1215",144,514,5
"1216",287,853,5
"1217",354,208,5
"1218",2132,747,1
"1219",515,155,4
"1220",2480,780,5
"1221",1826,149,1
"1222",104,42,4
"1223",2134,206,1
"1224",1056,906,5
"1225",143,391,4
"1226",557,115,1
"1227",1202,7,5
"1228",823,531,5
"1229",1512,242,5
"1230",1783,153,4
"1231",1871,181,4
"1232",1614,547,4
"1233",1675,483,1
"1234",946,666,3
"1235",1999,697,5
"1236",894,97,5
"1237",1184,411,5
"1238",1166,133,4
"1239",720,73,5
"1240",1921,10,5
"1241",1576,394,5
"1242",2646,63,4
"1243",1416,332,3
"1244",1413,175,5
"1245",1632,811,5
"1246",2361,133,5
"1247",773,474,5
"1248",1144,269,5
"1249",2068,951,5
"1250",2021,122,5
"1251",2784,435,5
"1252",2594,646,5
"1253",474,625,4
"1254",425,332,5
"1255",88,44,3
"1256",2586,65,5
"1257",462,707,4
"1258",2534,665,5
"1259",2434,514,2
"1260",1450,577,4
"1261",1910,619,5
"1262",650,291,4
"1263",2564,879,5
"1264",2659,5,3
"1265",2163,910,5
"1266",746,876,2
"1267",2819,282,5
"1268",1788,668,5
"1269",1071,227,5
"1270",2167,44,3
"1271",2183,996,5
"1272",654,467,5
"1273",2256,660,1
"1274",2487,967,5
"1275",2024,817,5
"1276",2471,474,5
"1277",1633,350,5
"1278",1387,514,5
"1279",1356,65,5
"1280",1789,411,1
"1281",1606,278,5
"1282",1650,139,3
"1283",1243,362,4
"1284",1894,998,5
"1285",2554,346,5
"1286",1229,196,5
"1287",1892,265,5
"1288",835,668,5
"1289",1461,798,5
"1290",1718,634,1
"1291",2889,399,5
"1292",1863,231,3
"1293",1681,110,1
"1294",1631,469,5
"1295",1255,5,5
"1296",2348,271,5
"1297",778,47,5
"1298",2283,275,1
"1299",1668,750,5
"1300",211,754,5
"1301",355,776,4
"1302",1614,248,4
"1303",1197,390,5
"1304",2851,70,4
"1305",1487,926,5
"1306",2627,7,4
"1307",123,254,5
"1308",2328,551,5
"1309",1348,11,3
"1310",2338,771,5
"1311",523,269,5
"1312",1034,64,5
"1313",761,227,2
"1314",191,959,5
"1315",522,14,5
"1316",2386,25,5
"1317",2350,378,5
"1318",1040,154,5
"1319",1977,767,5
"1320",694,46,3
"1321",919,532,5
"1322",1397,454,4
"1323",1987,771,5
"1324",236,42,5
"1325",2538,462,5
"1326",1367,185,5
"1327",2195,469,5
"1328",630,423,1
"1329",2072,763,4
"1330",2075,73,5
"1331",2277,945,5
"1332",949,32,5
"1333",544,761,5
"1334",2117,12,5
"1335",2731,879,4
"1336",2380,424,3
"1337",621,18,5
"1338",2041,410,4
"1339",1074,761,5
"1340",68,223,5
"1341",929,182,5
"1342",1418,370,5
"1343",2326,467,5
"1344",2010,476,5
"1345",1843,787,5
"1346",1068,332,5
"1347",2614,284,3
"1348",944,756,5
"1349",234,130,5
"1350",2752,511,5
"1351",1965,16,4
"1352",767,97,4
"1353",1206,878,5
"1354",2066,427,5
"1355",1288,469,5
"1356",2127,326,5
"1357",2564,239,1
"1358",287,98,5
"1359",928,189,5
"1360",729,222,5
"1361",673,915,5
"1362",2946,348,5
"1363",1891,780,4
"1364",2872,59,5
"1365",1502,610,5
"1366",2114,291,5
"1367",1853,48,5
"1368",2826,331,5
"1369",1322,27,5
"1370",2488,179,4
"1371",1089,315,5
"1372",2283,458,5
"1373",432,947,4
"1374",2258,635,1
"1375",2365,115,2
"1376",1019,746,5
"1377",776,174,5
"1378",2854,19,5
"1379",2567,823,5
"1380",2631,244,3
"1381",879,650,1
"1382",1352,409,5
"1383",105,133,5
"1384",1386,638,5
"1385",428,820,5
"1386",1158,97,5
"1387",2879,233,5
"1388",133,648,5
"1389",1848,133,5
"1390",447,411,5
"1391",1177,223,5
"1392",47,3,5
"1393",1474,206,5
"1394",944,221,5
"1395",2740,93,4
"1396",548,500,4
"1397",171,589,5
"1398",1342,588,5
"1399",2294,222,4
"1400",1056,175,5
"1401",2932,940,5
"1402",1008,925,5
"1403",455,16,5
"1404",1611,752,5
"1405",349,445,5
"1406",846,896,5
"1407",1000,563,5
"1408",2001,180,5
"1409",559,188,5
"1410",271,180,2
"1411",1748,253,3
"1412",821,170,5
"1413",2265,305,5
"1414",2383,72,5
"1415",111,101,5
"1416",2269,73,4
"1417",732,696,5
"1418",2083,133,5
"1419",731,537,5
"1420",797,332,5
"1421",310,485,5
"1422",1945,363,5
"1423",2312,887,5
"1424",230,84,5
"1425",2617,253,5
"1426",2342,761,5
"1427",2479,52,5
"1428",2825,530,5
"1429",582,5,5
"1430",729,222,5
"1431",2075,181,5
"1432",2602,514,5
"1433",478,831,5
"1434",1308,995,5
"1435",411,181,4
"1436",1140,767,5
"1437",1592,645,5
"1438",355,757,1
"1439",762,252,4
"1440",2623,245,3
"1441",828,16,5
"1442",2248,906,5
"1443",529,139,5
"1444",1804,589,5
"1445",2922,110,5
"1446",1043,108,5
"1447",1417,273,4
"1448",1361,176,5
"1449",2261,588,5
"1450",1200,896,5
"1451",2461,697,5
"1452",1353,896,1
"1453",257,458,5
"1454",884,646,5
"1455",2636,531,5
"1456",520,170,3
"1457",849,177,5
"1458",1747,223,5
"1459",1272,196,5
"1460",1012,331,4
"1461",1085,837,5
"1462",1467,467,5
"1463",505,560,4
"1464",1091,385,4
"1465",465,77,5
"1466",1868,756,5
"1467",871,372,3
"1468",2812,193,5
"1469",41,452,5
"1470",2468,7,5
"1471",2682,123,5
"1472",2873,632,5
"1473",855,193,5
"1474",1431,73,5
"1475",2409,209,5
"1476",2197,5,4
"1477",166,543,5
"1478",598,533,5
"1479",625,65,2
"1480",2228,270,4
"1481",2916,391,5
"1482",2979,70,5
"1483",1267,183,5
"1484",2605,189,5
"1485",2750,458,5
"1486",2229,140,5
"1487",147,225,5
"1488",258,33,5
"1489",2374,268,5
"1490",2057,269,5
"1491",577,30,5
"1492",1136,813,5
"1493",1890,947,5
"1494",2226,327,5
"1495",1760,4,5
"1496",1862,50,2
"1497",52,159,5
"1498",2976,823,5
"1499",1882,744,4
"1500",2164,600,1
"1501",1872,563,5
"1502",2057,474,5
"1503",2791,62,5
"1504",2556,500,5
"1505",83,15,5
"1506",1190,733,5
"1507",2843,183,5
"1508",1970,925,5
"1509",2562,258,5
"1510",2050,332,5
"1511",2476,133,4
"1512",2475,937,5
"1513",605,761,5
"1514",2919,829,5
"1515",864,5,5
"1516",1258,350,1
"1517",1303,272,5
"1518",814,409,5
"1519",102,338,5
"1520",472,15,5
"1521",2617,103,5
"1522",1398,470,5
"1523",2161,547,5
"1524",1322,650,5
"1525",1861,749,5
"1526",2839,188,2
"1527",988,940,5
"1528",2965,69,5
"1529",2499,357,5
"1530",1683,491,5
"1531",567,266,5
"1532",600,742,5
"1533",1027,322,5
"1534",69,818,5
"1535",495,162,5
"1536",1278,294,5
"1537",1707,250,5
"1538",88,43,5
"1539",294,1,5
"1540",314,248,4
"1541",1,170,4
"1542",1788,322,5
"1543",1916,52,5
"1544",1572,607,5
"1545",2033,12,5
"1546",393,156,5
"1547",2565,526,5
"1548",158,10,5
"1549",1661,157,5
"1550",1376,468,5
"1551",707,45,5
"1552",610,222,4
"1553",2562,487,5
"1554",1034,112,5
"1555",2025,5,5
"1556",206,752,4
"1557",1717,89,5
"1558",2471,363,5
"1559",408,175,5
"1560",1690,99,5
"1561",2883,43,5
"1562",2734,919,5
"1563",506,163,5
"1564",2320,547,4
"1565",1271,112,5
"1566",2278,168,5
"1567",948,603,4
"1568",739,532,2
"1569",1018,19,5
"1570",2277,540,5
"1571",1735,637,5
"1572",1096,572,5
"1573",2694,467,4
"1574",2977,730,5
"1575",692,548,5
"1576",28,7,5
"1577",1353,189,5
"1578",346,157,5
"1579",1127,484,1
"1580",8,806,5
"1581",48,588,4
"1582",342,469,5
"1583",2545,174,5
"1584",366,786,5
"1585",2511,172,5
"1586",446,966,3
"1587",1135,447,5
"1588",2193,207,4
"1589",2669,663,4
"1590",1218,657,5
"1591",1545,211,1
"1592",1805,350,5
"1593",2010,409,5
"1594",969,183,5
"1595",970,779,5
"1596",615,344,4
"1597",1970,84,5
"1598",783,466,5
"1599",1849,730,5
"1600",1618,947,4
"1601",49,123,4
"1602",321,237,5
"1603",360,471,5
"1604",26,106,5
"1605",2658,588,3
"1606",2647,73,4
"1607",755,157,5
"1608",2762,838,5
"1609",318,101,5
"1610",926,695,5
"1611",2273,936,4
"1612",290,456,5
"1613",1404,185,3
"1614",2495,916,5
"1615",1277,788,5
"1616",670,544,5
"1617",1865,10,5
"1618",269,52,5
"1619",1194,176,4
"1620",1525,402,5
"1621",1861,688,5
"1622",337,805,5
"1623",2230,344,5
"1624",1135,431,5
"1625",893,622,5
"1626",2334,916,5
"1627",2181,157,4
"1628",1468,266,5
"1629",1998,10,5
"1630",1189,175,5
"1631",2478,558,5
"1632",334,227,5
"1633",1015,80,5
"1634",1035,266,2
"1635",862,783,5
"1636",2373,267,5
"1637",1522,599,4
"1638",79,354,5
"1639",179,98,3
"1640",1935,350,3
"1641",1967,204,5
"1642",304,681,5
"1643",2603,363,5
"1644",1903,635,5
"1645",1714,285,5
"1646",1955,429,4
"1647",174,707,5
"1648",2157,582,5
"1649",344,165,5
"1650",1216,792,5
"1651",2662,341,5
"1652",1656,46,1
"1653",482,52,5
"1654",1051,723,3
"1655",136,541,4
"1656",1717,178,5
"1657",2813,584,5
"1658",2701,165,3
"1659",129,660,5
"1660",1955,595,5
"1661",2174,634,5
"1662",847,772,5
"1663",401,350,3
"1664",1608,591,5
"1665",816,183,5
"1666",1529,52,5
"1667",1721,772,5
"1668",2544,389,5
"1669",2421,665,5
"1670",1439,242,5
"1671",226,880,5
"1672",2019,577,4
"1673",406,183,5
"1674",2406,790,5
"1675",2513,449,3
"1676",1102,807,5
"1677",2126,281,5
"1678",92,266,5
"1679",1592,73,1
"1680",2520,613,5
"1681",1875,500,4
"1682",271,399,1
"1683",1068,210,5
"1684",2868,85,5
"1685",101,126,5
"1686",407,108,5
"1687",1662,246,5
"1688",727,772,5
"1689",1759,584,5
"1690",109,294,5
"1691",2228,122,5
"1692",2054,919,5
"1693",564,583,5
"1694",790,36,5
"1695",1345,40,5
"1696",1787,757,5
"1697",729,327,4
"1698",478,85,5
"1699",495,321,5
"1700",100,227,4
"1701",2481,750,5
"1702",1382,744,5
"1703",1541,806,5
"1704",33,45,4
"1705",2826,837,5
"1706",1420,682,4
"1707",2245,174,4
"1708",2139,541,5
"1709",2393,661,4
"1710",601,612,5
"1711",1936,909,5
"1712",521,179,5
"1713",1559,204,5
"1714",2744,761,5
"1715",2026,11,1
"1716",1233,485,5
"1717",2552,831,4
"1718",1397,170,5
"1719",1197,192,5
"1720",694,166,5
"1721",2959,66,5
"1722",212,5,5
"1723",2605,625,4
"1724",1625,740,5
"1725",1547,467,5
"1726",2200,217,5
"1727",24,349,5
"1728",2855,266,5
"1729",2838,627,5
"1730",1437,733,5
"1731",1890,817,5
"1732",2824,18,2
"1733",2253,432,3
"1734",2130,73,5
"1735",887,893,4
"1736",1943,10,3
"1737",398,466,4
"1738",228,520,5
"1739",244,339,4
"1740",2250,391,5
"1741",2094,680,5
"1742",2121,879,5
"1743",1310,391,5
"1744",1768,225,5
"1745",737,193,5
"1746",2441,109,5
"1747",1074,313,5
"1748",1228,733,5
"1749",2616,808,5
"1750",490,36,5
"1751",579,519,5
"1752",2779,236,5
"1753",2293,140,5
"1754",1429,70,5
"1755",2048,786,5
"1756",1851,488,5
"1757",2396,334,5
"1758",2972,741,3
"1759",2811,417,4
"1760",2565,952,5
"1761",554,289,5
"1762",1827,254,5
"1763",1577,946,5
"1764",567,11,5
"1765",1692,58,5
"1766",487,466,5
"1767",1364,240,2
"1768",2584,469,5
"1769",1358,2,5
"1770",1705,372,5
"1771",1858,378,5
"1772",1464,714,5
"1773",1450,132,3
"1774",1141,55,5
"1775",1850,183,5
"1776",2783,102,1
"1777",2563,353,4
"1778",2619,3,5
"1779",841,363,5
"1780",1785,42,5
"1781",1527,289,5
"1782",2712,391,5
"1783",2793,417,1
"1784",701,399,5
"1785",2237,113,5
"1786",2904,952,5
"1787",1905,39,3
"1788",2277,684,5
"1789",2274,483,5
"1790",1475,580,5
"1791",1723,517,5
"1792",1309,296,5
"1793",422,80,5
"1794",110,181,3
"1795",1537,342,5
"1796",2100,409,5
"1797",19,507,5
"1798",2954,239,5
"1799",1155,370,4
"1800",1028,252,5
"1801",1529,280,2
"1802",2511,349,5
"1803",841,250,5
"1804",2262,7,5
"1805",446,516,4
"1806",1981,244,2
"1807",479,125,5
"1808",361,40,5
"1809",2040,381,1
"1810",123,711,5
"1811",676,16,5
"1812",1830,7,5
"1813",2846,681,5
"1814",306,152,5
"1815",2928,11,5
"1816",612,61,5
"1817",1324,52,5
"1818",485,609,5
"1819",2249,203,5
"1820",2155,80,5
"1821",2368,326,5
"1822",22,489,4
"1823",2594,267,5
"1824",247,51,5
"1825",922,250,4
"1826",5,623,5
"1827",132,2,2
"1828",1153,175,5
"1829",2591,48,5
"1830",910,16,5
"1831",993,963,2
"1832",1277,44,5
"1833",1901,146,4
"1834",1732,380,5
"1835",2994,919,5
"1836",494,411,5
"1837",611,280,5
"1838",2775,625,4
"1839",372,97,5
"1840",976,254,5
"1841",274,14,1
"1842",207,476,5
"1843",682,40,5
"1844",2253,416,2
"1845",401,761,5
"1846",1776,794,5
"1847",1799,547,5
"1848",722,841,5
"1849",2188,70,3
"1850",668,350,5
"1851",1799,710,5
"1852",2837,478,4
"1853",2051,10,5
"1854",2198,174,5
"1855",1465,123,1
"1856",612,213,5
"1857",2965,2,5
"1858",2507,477,5
"1859",2784,273,5
"1860",77,261,5
"1861",531,485,5
"1862",554,519,5
"1863",27,563,4
"1864",2369,776,5
"1865",2754,25,4
"1866",2678,259,5
"1867",1502,305,5
"1868",932,106,5
"1869",2811,514,4
"1870",203,18,5
"1871",2373,831,5
"1872",511,592,5
"1873",395,701,5
"1874",1624,359,5
"1875",1763,110,5
"1876",1271,140,5
"1877",1090,236,5
"1878",630,780,5
"1879",1603,272,5
"1880",162,396,5
"1881",285,696,5
"1882",1089,123,5
"1883",2262,445,5
"1884",1406,317,5
"1885",889,140,4
"1886",732,646,4
"1887",8,52,5
"1888",407,9,3
"1889",2727,350,5
"1890",716,510,5
"1891",2817,223,5
"1892",1282,947,5
"1893",2431,5,5
"1894",257,3,5
"1895",2001,4,5
"1896",822,126,5
"1897",1238,789,5
"1898",1647,77,1
"1899",2769,846,4
"1900",1352,105,5
"1901",711,40,5
"1902",1856,357,5
"1903",2598,963,3
"1904",1409,236,5
"1905",97,248,5
"1906",935,697,5
"1907",2730,561,5
"1908",76,951,5
"1909",1257,80,5
"1910",2782,399,4
"1911",2231,744,5
"1912",435,748,5
"1913",2803,772,5
"1914",580,947,5
"1915",1783,564,5
"1916",1979,859,5
"1917",2675,561,5
"1918",2896,183,3
"1919",972,786,4
"1920",1435,69,2
"1921",2399,836,5
"1922",333,393,5
"1923",936,469,5
"1924",156,646,5
"1925",648,569,5
"1926",2278,23,4
"1927",2041,133,4
"1928",1337,529,5
"1929",626,730,5
"1930",1224,40,5
"1931",1849,886,5
"1932",2733,105,5
"1933",31,587,5
"1934",1603,14,5
"1935",639,916,5
"1936",1865,412,5
"1937",2704,30,3
"1938",2765,487,5
"1939",1365,914,5
"1940",1913,189,5
"1941",494,85,5
"1942",521,109,5
"1943",2712,879,5
"1944",702,244,5
"1945",1014,837,4
"1946",1756,893,4
"1947",695,80,3
"1948",863,607,5
"1949",1165,327,5
"1950",1600,253,5
"1951",1479,105,5
"1952",2861,348,5
"1953",308,449,5
"1954",2171,24,3
"1955",2377,976,5
"1956",255,369,4
"1957",2342,226,5
"1958",2696,522,5
"1959",2124,194,1
"1960",393,156,5
"1961",2648,173,5
"1962",668,837,4
"1963",2862,35,2
"1964",2685,309,5
"1965",685,7,5
"1966",2951,461,5
"1967",1118,72,5
"1968",2147,65,5
"1969",1716,2,5
"1970",39,129,5
"1971",2178,141,3
"1972",463,515,5
"1973",2022,65,3
"1974",1433,940,5
"1975",358,414,4
"1976",2497,898,5
"1977",424,68,5
"1978",1623,752,5
"1979",2518,129,5
"1980",764,84,1
"1981",27,271,5
"1982",1402,37,5
"1983",2375,5,5
"1984",325,259,5
"1985",622,595,1
"1986",532,99,5
"1987",2069,853,5
"1988",1128,196,5
"1989",2241,553,5
"1990",1210,363,5
"1991",1392,220,5
"1992",2957,160,5
"1993",1418,272,5
"1994",1306,235,1
"1995",2497,761,5
"1996",1660,157,5
"1997",286,133,4
"1998",127,273,5
"1999",1251,871,5
"2000",2709,369,5
"2001",670,319,5
"2002",1287,222,4
"2003",2254,531,5
"2004",2850,609,5
"2005",2486,320,5
"2006",1730,768,5
"2007",25,607,5
"2008",228,133,5
"2009",1718,213,5
"2010",160,549,5
"2011",583,458,4
"2012",2454,99,5
"2013",249,237,5
"2014",918,420,5
"2015",2884,854,1
"2016",249,237,5
"2017",1453,522,5
"2018",12,18,3
"2019",1809,21,5
"2020",1816,19,5
"2021",1544,407,5
"2022",2980,171,4
"2023",2815,71,4
"2024",1493,359,5
"2025",2173,52,5
"2026",2223,907,5
"2027",168,588,5
"2028",667,372,5
"2029",289,398,5
"2030",1192,125,5
"2031",102,157,5
"2032",2969,269,5
"2033",2275,30,4
"2034",2025,253,5
"2035",2217,159,5
"2036",2385,730,5
"2037",806,222,5
"2038",2730,278,5
"2039",2412,338,5
"2040",1756,36,5
"2041",1567,226,5
"2042",698,571,5
"2043",1494,514,4
"2044",1742,11,1
"2045",1424,15,5
"2046",694,435,5
"2047",2276,263,5
"2048",2797,133,5
"2049",1108,432,3
"2050",1846,157,5
"2051",2909,133,5
"2052",2067,344,5
"2053",2888,101,5
"2054",1055,177,2
"2055",2652,388,5
"2056",429,123,3
"2057",74,204,5
"2058",118,409,5
"2059",267,11,1
"2060",1835,273,5
"2061",1761,122,5
"2062",1255,280,4
"2063",2392,236,5
"2064",446,866,3
"2065",2765,302,5
"2066",2590,85,5
"2067",839,183,4
"2068",1983,702,5
"2069",542,991,4
"2070",1129,253,5
"2071",2491,123,5
"2072",1270,824,5
"2073",918,16,5
"2074",2574,875,5
"2075",41,59,5
"2076",823,412,5
"2077",2708,390,5
"2078",1687,332,5
"2079",2120,880,5
"2080",621,411,5
"2081",122,125,5
"2082",2584,129,5
"2083",2559,660,4
"2084",2672,634,4
"2085",2301,803,5
"2086",674,105,5
"2087",1315,210,3
"2088",2065,40,5
"2089",8,756,5
"2090",1745,18,5
"2091",430,84,4
"2092",176,458,5
"2093",500,761,3
"2094",311,847,5
"2095",617,157,4
"2096",1842,409,5
"2097",972,837,1
"2098",1920,2,5
"2099",1775,147,5
"2100",237,35,4
"2101",647,435,5
"2102",1134,6,5
"2103",473,291,5
"2104",446,561,4
"2105",711,140,5
"2106",1750,170,5
"2107",574,582,4
"2108",687,285,5
"2109",2987,474,5
"2110",962,338,5
"2111",1956,235,5
"2112",417,881,5
"2113",2469,222,5
"2114",1714,206,5
"2115",242,157,5
"2116",509,16,5
"2117",639,397,5
"2118",1092,352,1
"2119",741,80,5
"2120",964,474,5
"2121",2478,161,5
"2122",2847,947,5
"2123",2588,758,5
"2124",2825,697,5
"2125",1389,869,5
"2126",332,293,5
"2127",879,487,5
"2128",2734,179,5
"2129",685,7,5
"2130",2258,725,1
"2131",1583,335,5
"2132",1095,46,5
"2133",2718,43,5
"2134",343,479,5
"2135",497,445,3
"2136",1935,369,5
"2137",1288,180,4
"2138",1335,185,5
"2139",544,697,5
"2140",1524,28,5
"2141",1891,794,5
"2142",1122,136,5
"2143",1228,919,5
"2144",274,36,5
"2145",1394,966,5
"2146",2107,332,5
"2147",1968,464,1
"2148",1244,329,4
"2149",1907,42,4
"2150",1825,435,5
"2151",837,695,4
"2152",2573,84,5
"2153",1628,366,5
"2154",579,29,5
"2155",565,128,5
"2156",329,581,5
"2157",2637,341,5
"2158",1361,394,5
"2159",862,283,5
"2160",54,224,5
"2161",1685,369,5
"2162",2259,53,5
"2163",1590,3,5
"2164",2120,512,4
"2165",1924,588,2
"2166",2410,789,4
"2167",724,693,4
"2168",702,42,4
"2169",146,153,5
"2170",1199,65,5
"2171",1652,46,5
"2172",1613,230,5
"2173",1879,140,5
"2174",1679,266,5
"2175",2801,176,5
"2176",1184,723,4
"2177",809,635,5
"2178",859,768,4
"2179",926,71,5
"2180",2327,703,5
"2181",2699,624,5
"2182",1491,223,5
"2183",1664,983,5
"2184",1831,129,5
"2185",1263,59,5
"2186",806,266,5
"2187",636,520,5
"2188",2562,696,5
"2189",211,412,5
"2190",25,159,5
"2191",1773,408,4
"2192",564,588,1
"2193",186,993,5
"2194",922,300,5
"2195",2455,450,5
"2196",2678,937,5
"2197",2970,7,5
"2198",2102,455,5
"2199",645,113,2
"2200",1383,507,5
"2201",1648,244,5
"2202",1469,580,5
"2203",299,327,3
"2204",949,831,5
"2205",2712,179,5
"2206",2866,676,5
"2207",1312,635,5
"2208",2676,919,5
"2209",2254,317,4
"2210",571,177,5
"2211",2091,298,2
"2212",496,80,5
"2213",42,106,5
"2214",1354,696,5
"2215",2723,412,5
"2216",46,315,4
"2217",2712,806,5
"2218",1614,547,4
"2219",1585,635,4
"2220",275,108,5
"2221",1786,480,5
"2222",723,281,5
"2223",8,547,5
"2224",2076,500,5
"2225",2565,458,5
"2226",2313,16,1
"2227",1769,363,5
"2228",2037,991,5
"2229",717,63,2
"2230",490,236,3
"2231",2430,157,5
"2232",2375,319,5
"2233",2930,831,5
"2234",2941,919,5
"2235",1316,610,5
"2236",2804,487,5
"2237",2838,18,5
"2238",1192,170,5
"2239",2231,561,5
"2240",2531,77,5
"2241",2328,297,5
"2242",2929,19,5
"2243",2669,16,5
"2244",1471,520,5
"2245",1259,466,5
"2246",1049,479,4
"2247",347,269,5
"2248",1989,909,5
"2249",47,189,5
"2250",1246,36,5
"2251",1371,726,5
"2252",334,601,5
"2253",720,223,5
"2254",1687,655,3
"2255",884,369,5
"2256",813,163,1
"2257",1018,773,5
"2258",466,227,2
"2259",2483,761,3
"2260",497,36,4
"2261",535,919,5
"2262",2098,185,5
"2263",240,761,3
"2264",974,46,4
"2265",1893,587,5
"2266",1190,283,5
"2267",210,51,5
"2268",175,32,5
"2269",2207,192,5
"2270",1251,267,5
"2271",551,814,1
"2272",787,252,5
"2273",2665,733,4
"2274",2524,61,5
"2275",508,59,4
"2276",1058,241,5
"2277",1171,391,5
"2278",1553,106,5
"2279",878,7,5
"2280",1700,957,3
"2281",378,110,5
"2282",746,476,5
"2283",1257,319,5
"2284",1183,48,4
"2285",1265,220,5
"2286",2268,633,5
"2287",2401,511,5
"2288",435,171,5
"2289",1873,592,5
"2290",325,259,5
"2291",2748,4,5
"2292",2297,10,5
"2293",1953,583,5
"2294",543,179,5
"2295",406,47,5
"2296",2651,196,5
"2297",1761,52,5
"2298",18,369,4
"2299",1216,30,5
"2300",1419,412,5
"2301",1760,895,5
"2302",90,520,5
"2303",1099,66,5
"2304",645,131,5
"2305",1122,776,5
"2306",2163,9,2
"2307",2735,459,5
"2308",807,140,1
"2309",2563,899,3
"2310",2123,91,5
"2311",1682,342,3
"2312",721,767,5
"2313",2088,925,4
"2314",1090,507,5
"2315",548,285,3
"2316",1721,657,5
"2317",2801,397,5
"2318",672,40,3
"2319",1661,697,5
"2320",1260,428,5
"2321",754,2,4
"2322",1507,707,5
"2323",1315,236,5
"2324",306,193,5
"2325",1716,281,5
"2326",920,110,3
"2327",545,220,5
"2328",2386,558,5
"2329",1765,266,4
"2330",2830,269,5
"2331",2271,250,4
"2332",935,43,5
"2333",1376,500,5
"2334",2067,266,4
"2335",1190,561,4
"2336",1935,335,5
"2337",2335,668,5
"2338",754,68,5
"2339",345,422,5
"2340",1417,2,4
"2341",505,285,4
"2342",2005,59,5
"2343",1798,934,5
"2344",1294,165,5
"2345",1205,879,5
"2346",375,58,5
"2347",915,350,5
"2348",1688,236,4
"2349",1177,108,5
"2350",2892,372,5
"2351",888,46,5
"2352",257,411,1
"2353",854,420,2
"2354",505,92,5
"2355",852,479,5
"2356",2209,80,5
"2357",841,655,5
"2358",14,461,1
"2359",259,553,4
"2360",385,544,5
"2361",1848,509,5
"2362",1021,31,5
"2363",328,14,5
"2364",98,644,5
"2365",1949,90,5
"2366",2936,189,5
"2367",318,736,3
"2368",1779,281,5
"2369",127,472,5
"2370",2110,525,5
"2371",1869,141,5
"2372",2424,976,5
"2373",103,483,2
"2374",173,98,5
"2375",872,557,5
"2376",821,357,2
"2377",1623,253,5
"2378",1198,582,5
"2379",2603,715,5
"2380",912,675,5
"2381",1518,684,5
"2382",1478,387,4
"2383",212,332,4
"2384",488,283,5
"2385",2326,377,5
"2386",2388,163,4
"2387",190,777,2
"2388",1722,687,5
"2389",1826,5,5
"2390",1937,561,5
"2391",2281,411,5
"2392",1546,273,4
"2393",2031,209,4
"2394",1284,547,3
"2395",495,281,5
"2396",228,189,5
"2397",1583,129,5
"2398",1423,319,5
"2399",1693,29,3
"2400",527,469,5
"2401",2652,222,5
"2402",2241,482,4
"2403",2560,756,5
"2404",1492,18,2
"2405",2216,106,4
"2406",529,218,5
"2407",2841,198,2
"2408",2136,783,5
"2409",336,547,4
"2410",1414,236,5
"2411",2339,602,5
"2412",118,147,5
"2413",1670,335,5
"2414",2149,831,5
"2415",2873,533,2
"2416",2661,269,5
"2417",970,55,5
"2418",2358,214,5
"2419",1067,223,4
"2420",1372,761,5
"2421",1279,313,5
"2422",2478,385,5
"2423",326,520,4
"2424",2458,428,4
"2425",2407,232,5
"2426",1381,297,1
"2427",1909,129,5
"2428",2144,327,2
"2429",480,327,4
"2430",2629,3,5
"2431",1565,407,4
"2432",1349,332,5
"2433",119,607,5
"2434",1569,332,5
"2435",1280,463,1
"2436",2414,277,1
"2437",1535,86,3
"2438",2238,735,5
"2439",238,23,5
"2440",1520,305,5
"2441",1651,840,5
"2442",1181,163,5
"2443",427,105,4
"2444",2123,509,5
"2445",2029,193,5
"2446",1503,20,2
"2447",1382,322,5
"2448",704,925,5
"2449",1746,436,4
"2450",11,103,5
"2451",671,921,5
"2452",973,108,5
"2453",830,480,5
"2454",609,146,4
"2455",1637,890,5
"2456",1661,432,5
"2457",2241,954,3
"2458",1577,361,5
"2459",2583,908,5
"2460",2983,237,5
"2461",2439,222,5
"2462",578,293,5
"2463",456,389,1
"2464",2964,362,1
"2465",2159,739,2
"2466",1467,80,5
"2467",2229,115,5
"2468",1879,783,5
"2469",2152,781,4
"2470",648,237,5
"2471",2476,73,5
"2472",1853,694,5
"2473",2340,327,5
"2474",2526,205,4
"2475",1724,106,5
"2476",2196,42,2
"2477",21,781,5
"2478",734,80,5
"2479",2611,80,5
"2480",882,646,5
"2481",1363,416,5
"2482",711,180,2
"2483",1507,487,5
"2484",133,133,5
"2485",1577,48,5
"2486",1409,919,5
"2487",2667,467,5
"2488",1593,477,5
"2489",1413,854,5
"2490",2133,280,5
"2491",2806,196,5
"2492",805,25,5
"2493",1989,77,5
"2494",2103,117,2
"2495",667,266,5
"2496",2270,223,5
"2497",2949,586,3
"2498",2110,393,4
"2499",2172,525,5
"2500",2603,84,5
"2501",873,225,5
"2502",1360,828,3
"2503",2758,105,5
"2504",2949,54,5
"2505",333,18,3
"2506",2556,358,5
"2507",572,480,5
"2508",2962,947,4
"2509",1151,727,5
"2510",283,225,5
"2511",1700,608,5
"2512",1142,233,5
"2513",1860,34,5
"2514",2428,52,5
"2515",608,218,5
"2516",2702,52,5
"2517",1708,170,5
"2518",1225,987,5
"2519",820,374,5
"2520",2514,167,5
"2521",1427,297,5
"2522",2,219,5
"2523",745,832,5
"2524",1705,813,5
"2525",575,61,5
"2526",2851,213,4
"2527",1435,15,5
"2528",2649,513,3
"2529",2180,520,5
"2530",1117,363,5
"2531",2427,489,5
"2532",1885,477,4
"2533",987,331,5
"2534",2249,265,5
"2535",1593,445,5
"2536",817,593,5
"2537",1371,175,4
"2538",1668,964,3
"2539",2930,412,5
"2540",1769,783,5
"2541",734,225,5
"2542",2242,224,5
"2543",2989,311,5
"2544",515,443,3
"2545",1764,455,4
"2546",1420,214,5
"2547",2665,399,1
"2548",2899,646,5
"2549",387,831,5
"2550",1276,133,5
"2551",2298,811,5
"2552",54,697,5
"2553",1058,254,5
"2554",839,252,5
"2555",1886,784,5
"2556",2264,222,5
"2557",1282,350,5
"2558",2823,409,5
"2559",246,147,1
"2560",193,444,4
"2561",1779,80,5
"2562",1187,535,4
"2563",2374,780,5
"2564",867,16,2
"2565",1554,65,5
"2566",1988,19,5
"2567",1411,272,5
"2568",2920,428,5
"2569",973,363,5
"2570",2825,188,5
"2571",1930,558,5
"2572",2463,133,4
"2573",1871,307,5
"2574",917,369,5
"2575",2209,428,4
"2576",229,183,5
"2577",1784,437,5
"2578",2672,578,4
"2579",512,99,5
"2580",251,220,5
"2581",2256,236,5
"2582",2425,122,5
"2583",1245,140,5
"2584",1532,564,5
"2585",1253,484,5
"2586",1842,64,5
"2587",1641,187,5
"2588",422,181,5
"2589",965,15,4
"2590",2483,133,4
"2591",293,193,5
"2592",937,171,5
"2593",1511,558,4
"2594",1622,933,5
"2595",1176,189,5
"2596",2789,224,5
"2597",822,760,5
"2598",1246,284,5
"2599",2506,73,4
"2600",2400,519,5
"2601",869,958,5
"2602",563,545,4
"2603",1423,923,5
"2604",1135,509,5
"2605",2880,824,5
"2606",1259,996,5
"2607",2477,312,3
"2608",1833,199,5
"2609",2365,283,5
"2610",1441,542,5
"2611",431,10,5
"2612",2091,855,1
"2613",606,562,5
"2614",2884,610,4
"2615",1163,65,5
"2616",1853,574,5
"2617",1796,242,1
"2618",1828,697,5
"2619",2703,932,5
"2620",1071,73,5
"2621",1841,592,5
"2622",2743,126,5
"2623",1035,335,5
"2624",1442,951,5
"2625",622,313,5
"2626",2837,485,4
"2627",1291,71,5
"2628",1911,840,5
"2629",422,745,5
"2630",299,400,5
"2631",928,129,5
"2632",2354,231,5
"2633",351,789,5
"2634",1851,42,5
"2635",689,187,3
"2636",1963,206,5
"2637",1822,2,5
"2638",1421,196,5
"2639",1154,541,5
"2640",36,59,5
"2641",143,172,1
"2642",888,348,5
"2643",1952,358,4
"2644",2988,42,5
"2645",2151,384,5
"2646",219,817,5
"2647",2978,634,5
"2648",335,706,5
"2649",232,234,5
"2650",2408,587,5
"2651",328,143,5
"2652",1373,132,5
"2653",2468,919,5
"2654",1433,940,5
"2655",1817,653,5
"2656",1878,66,5
"2657",2586,798,5
"2658",528,529,5
"2659",2176,532,5
"2660",1763,931,5
"2661",440,772,5
"2662",1743,95,5
"2663",1358,472,5
"2664",2703,840,5
"2665",507,402,5
"2666",2981,846,5
"2667",2618,127,5
"2668",2721,928,4
"2669",2360,5,5
"2670",1591,999,4
"2671",355,586,1
"2672",1887,179,4
"2673",1981,179,4
"2674",496,189,5
"2675",236,7,4
"2676",791,168,5
"2677",390,991,5
"2678",1259,73,5
"2679",1327,697,5
"2680",2238,5,1
"2681",975,44,5
"2682",1212,644,5
"2683",786,526,5
"2684",2409,214,5
"2685",44,335,5
"2686",780,498,5
"2687",747,896,5
"2688",2488,131,5
"2689",967,59,5
"2690",1864,783,5
"2691",2970,541,5
"2692",2956,315,5
"2693",759,34,5
"2694",1383,152,5
"2695",560,623,3
"2696",1003,103,5
"2697",2550,105,5
"2698",2975,959,5
"2699",1708,431,5
"2700",1756,3,5
"2701",952,101,5
"2702",2991,869,5
"2703",575,794,5
"2704",1069,928,5
"2705",2148,40,4
"2706",2129,99,5
"2707",1550,758,3
"2708",407,464,4
"2709",145,341,1
"2710",77,293,5
"2711",433,126,3
"2712",216,249,4
"2713",2941,722,5
"2714",2064,826,1
"2715",2479,182,5
"2716",1270,192,5
"2717",2935,986,4
"2718",2074,392,3
"2719",733,696,5
"2720",1830,571,5
"2721",378,285,5
"2722",1886,241,5
"2723",1728,82,3
"2724",2905,655,5
"2725",1614,512,5
"2726",1212,271,5
"2727",2357,641,5
"2728",1306,59,5
"2729",1211,615,4
"2730",752,225,5
"2731",2019,780,2
"2732",877,252,4
"2733",1490,463,5
"2734",2988,233,5
"2735",956,7,5
"2736",2335,411,5
"2737",175,309,5
"2738",660,473,5
"2739",890,398,5
"2740",2713,68,5
"2741",2872,22,4
"2742",176,5,5
"2743",1888,32,5
"2744",655,80,5
"2745",85,890,5
"2746",2429,253,5
"2747",2476,350,5
"2748",100,400,5
"2749",1403,146,5
"2750",973,110,5
"2751",1376,619,5
"2752",2742,146,5
"2753",1494,597,5
"2754",2763,289,5
"2755",2331,697,5
"2756",2854,105,5
"2757",23,960,5
"2758",245,124,5
"2759",1494,723,3
"2760",768,466,5
"2761",1806,587,5
"2762",2800,65,4
"2763",114,877,4
"2764",2018,694,5
"2765",646,383,5
"2766",490,458,5
"2767",1058,377,5
"2768",1058,976,4
"2769",2386,7,5
"2770",1572,7,4
"2771",1475,560,5
"2772",2671,840,5
"2773",2179,817,5
"2774",1535,706,4
"2775",2356,894,5
"2776",1344,30,4
"2777",1133,644,1
"2778",1298,431,5
"2779",419,140,5
"2780",2703,274,3
"2781",1439,474,5
"2782",719,699,3
"2783",215,290,5
"2784",2826,109,5
"2785",885,220,5
"2786",2046,266,5
"2787",2110,840,4
"2788",2674,485,5
"2789",1660,696,5
"2790",2787,893,5
"2791",981,218,4
"2792",769,730,5
"2793",1549,212,5
"2794",945,473,5
"2795",1313,68,5
"2796",545,389,4
"2797",2263,644,5
"2798",617,727,5
"2799",2297,760,5
"2800",513,261,4
"2801",2450,144,1
"2802",2959,125,5
"2803",1092,52,5
"2804",2769,428,5
"2805",2887,570,5
"2806",2507,397,5
"2807",1511,423,4
"2808",727,45,4
"2809",522,72,5
"2810",401,378,5
"2811",2032,295,5
"2812",2003,876,5
"2813",2281,718,5
"2814",2590,61,5
"2815",1299,214,5
"2816",202,338,5
"2817",2340,46,1
"2818",506,517,5
"2819",2061,342,4
"2820",2469,220,4
"2821",174,520,5
"2822",1642,42,3
"2823",1162,34,4
"2824",1668,221,5
"2825",160,623,5
"2826",2838,105,5
"2827",1005,73,5
"2828",1383,746,5
"2829",1157,540,5
"2830",498,633,5
"2831",1665,458,5
"2832",207,998,5
"2833",2750,655,4
"2834",1547,422,1
"2835",556,149,5
"2836",1104,269,5
"2837",2842,524,5
"2838",2987,740,5
"2839",1898,189,5
"2840",685,20,5
"2841",1958,14,2
"2842",127,466,5
"2843",1315,588,4
"2844",1953,453,4
"2845",2148,899,5
"2846",1094,19,3
"2847",2176,686,5
"2848",1532,855,4
"2849",1190,635,5
"2850",2801,168,5
"2851",2239,421,5
"2852",913,49,5
"2853",760,715,1
"2854",2066,199,5
"2855",2609,40,5
"2856",2083,123,5
"2857",322,766,4
"2858",2906,472,5
"2859",2080,866,3
"2860",2456,477,5
"2861",2750,436,5
"2862",1182,258,5
"2863",728,123,5
"2864",13,180,5
"2865",86,750,5
"2866",93,19,3
"2867",2469,252,5
"2868",483,61,5
"2869",1051,644,3
"2870",1154,499,5
"2871",891,124,5
"2872",1526,470,5
"2873",2093,294,4
"2874",1378,5,5
"2875",2838,183,5
"2876",2011,957,5
"2877",1474,273,5
"2878",2307,209,4
"2879",1323,422,3
"2880",2204,409,5
"2881",1353,509,5
"2882",291,183,3
"2883",547,253,5
"2884",1818,241,5
"2885",1628,561,5
"2886",864,21,5
"2887",1622,157,5
"2888",2575,2,5
"2889",521,979,5
"2890",678,313,5
"2891",1781,180,4
"2892",1040,154,5
"2893",1538,483,5
"2894",1331,540,5
"2895",830,430,5
"2896",2805,862,2
"2897",158,377,5
"2898",1779,273,1
"2899",1849,37,5
"2900",823,428,5
"2901",1853,80,5
"2902",2798,589,5
"2903",1978,816,5
"2904",1727,266,5
"2905",1187,285,4
"2906",13,19,5
"2907",1562,6,5
"2908",27,175,5
"2909",2719,16,5
"2910",2000,214,5
"2911",413,708,4
"2912",90,696,4
"2913",1944,288,5
"2914",2799,347,4
"2915",938,409,5
"2916",767,55,4
"2917",2574,254,5
"2918",1512,264,5
"2919",2871,272,5
"2920",2532,292,5
"2921",1689,588,5
"2922",2792,116,5
"2923",2724,18,4
"2924",2355,18,3
"2925",880,411,5
"2926",320,876,5
"2927",1545,780,5
"2928",1979,146,1
"2929",2233,26,5
"2930",274,395,3
"2931",351,270,5
"2932",2778,358,5
"2933",1128,132,1
"2934",2039,822,5
"2935",745,775,5
"2936",2264,744,5
"2937",425,947,4
"2938",2205,48,5
"2939",695,133,4
"2940",2042,223,1
"2941",1693,631,4
"2942",2819,748,4
"2943",2790,363,5
"2944",2358,524,5
"2945",2992,618,5
"2946",2943,135,5
"2947",1276,204,4
"2948",293,209,5
"2949",36,939,5
"2950",676,634,5
"2951",2485,975,4
"2952",499,313,5
"2953",2712,174,5
"2954",838,181,5
"2955",682,610,5
"2956",1483,167,5
"2957",1013,965,5
"2958",1102,47,5
"2959",1534,429,5
"2960",775,912,3
"2961",640,407,5
"2962",2830,567,5
"2963",33,727,4
"2964",423,44,5
"2965",2252,73,5
"2966",795,42,3
"2967",2952,234,4
"2968",1986,750,5
"2969",2427,39,5
"2970",421,688,5
"2971",1231,133,5
"2972",844,350,4
"2973",2399,293,5
"2974",1248,231,5
"2975",249,272,5
"2976",1998,947,3
"2977",1962,80,4
"2978",1933,744,5
"2979",876,619,5
"2980",2782,469,5
"2981",1869,146,5
"2982",2413,350,5
"2983",1215,281,5
"2984",817,30,5
"2985",796,560,5
"2986",637,398,2
"2987",1935,761,4
"2988",2848,499,4
"2989",2507,169,5
"2990",1397,697,5
"2991",1186,657,5
"2992",1253,455,5
"2993",1310,261,5
"2994",2860,223,5
"2995",1646,175,4
"2996",513,619,3
"2997",184,671,5
"2998",2682,646,4
"2999",2308,707,5
"3000",2725,696,5
"3001",2439,254,5
"3002",227,83,1
"3003",2640,986,5
"3004",115,890,5
"3005",990,350,5
"3006",2244,5,4
"3007",2884,149,5
"3008",2742,106,5
"3009",2021,183,5
"3010",214,559,5
"3011",493,14,5
"3012",1659,71,5
"3013",87,98,5
"3014",1754,10,5
"3015",311,363,5
"3016",2357,480,5
"3017",2945,99,5
"3018",1296,907,5
"3019",2260,363,5
"3020",1342,73,5
"3021",266,584,4
"3022",1430,901,5
"3023",2070,105,4
"3024",1584,20,5
"3025",154,214,4
"3026",1994,350,5
"3027",1103,284,5
"3028",1140,359,5
"3029",2712,52,5
"3030",520,47,3
"3031",2252,159,5
"3032",1184,329,5
"3033",1209,198,5
"3034",2293,363,5
"3035",976,463,5
"3036",178,505,5
"3037",2721,10,4
"3038",210,210,3
"3039",403,170,5
"3040",2832,73,4
"3041",1253,378,5
"3042",1984,166,4
"3043",1800,561,5
"3044",928,520,5
"3045",2394,248,5
"3046",1628,668,5
"3047",1237,72,5
"3048",1523,468,5
"3049",2781,971,1
"3050",2494,402,3
"3051",1622,587,5
"3052",274,604,4
"3053",1746,5,5
"3054",1805,123,5
"3055",166,668,3
"3056",2244,589,5
"3057",2627,684,5
"3058",21,561,2
"3059",566,307,5
"3060",1473,323,5
"3061",356,177,5
"3062",2910,276,4
"3063",1599,321,5
"3064",1529,86,5
"3065",166,452,1
"3066",2668,558,5
"3067",2308,746,4
"3068",1145,228,5
"3069",747,489,5
"3070",2756,78,4
"3071",934,35,5
"3072",1867,90,5
"3073",1365,10,5
"3074",1596,15,5
"3075",1166,696,5
"3076",1632,51,4
"3077",2511,623,5
"3078",1267,402,5
"3079",2623,237,5
"3080",2676,248,4
"3081",2485,758,4
"3082",1346,79,5
"3083",1391,634,5
"3084",1142,10,5
"3085",594,224,5
"3086",2358,304,3
"3087",509,188,5
"3088",1292,133,3
"3089",659,193,5
"3090",1445,432,5
"3091",1828,588,3
"3092",666,46,4
"3093",926,428,5
"3094",1828,236,5
"3095",1142,494,5
"3096",1671,46,2
"3097",2047,213,5
"3098",434,422,5
"3099",1975,259,5
"3100",25,10,5
"3101",1665,983,5
"3102",884,412,5
"3103",1517,350,5
"3104",2788,688,5
"3105",398,363,4
"3106",953,311,5
"3107",2381,701,5
"3108",1355,124,5
"3109",993,92,5
"3110",2682,428,4
"3111",921,959,5
"3112",707,221,5
"3113",1261,144,2
"3114",2233,811,5
"3115",1970,214,3
"3116",2655,70,5
"3117",1574,520,5
"3118",2507,91,5
"3119",1821,531,5
"3120",1249,84,5
"3121",1235,774,1
"3122",2748,234,5
"3123",2449,83,4
"3124",2229,44,3
"3125",1768,58,5
"3126",1597,335,5
"3127",2463,588,4
"3128",1316,635,5
"3129",271,437,1
"3130",909,140,5
"3131",2523,369,5
"3132",868,450,5
"3133",646,469,5
"3134",1032,670,5
"3135",833,597,5
"3136",1057,890,4
"3137",155,65,3
"3138",1661,281,5
"3139",2753,147,4
"3140",303,5,5
"3141",1866,880,5
"3142",1259,80,5
"3143",2267,715,2
"3144",819,769,5
"3145",453,241,5
"3146",740,129,5
"3147",1118,156,5
"3148",2630,610,5
"3149",2165,524,5
"3150",2655,522,1
"3151",342,16,5
"3152",130,80,5
"3153",1800,927,5
"3154",1664,608,4
"3155",2380,674,5
"3156",2159,245,5
"3157",750,471,5
"3158",2461,524,5
"3159",2311,137,5
"3160",2572,327,5
"3161",2901,206,5
"3162",1697,963,3
"3163",2763,852,5
"3164",821,154,4
"3165",2733,61,5
"3166",1708,494,5
"3167",1358,939,5
"3168",576,635,1
"3169",994,515,5
"3170",1578,283,5
"3171",1684,236,5
"3172",1938,281,5
"3173",2899,928,5
"3174",1345,473,5
"3175",422,262,5
"3176",2467,248,5
"3177",2512,794,5
"3178",295,147,5
"3179",2617,291,5
"3180",2985,96,5
"3181",1074,80,5
"3182",1241,567,5
"3183",125,427,5
"3184",161,483,5
"3185",2914,105,1
"3186",926,116,5
"3187",1157,243,4
"3188",1980,801,5
"3189",1753,307,5
"3190",2159,739,2
"3191",466,227,2
"3192",1179,66,5
"3193",2505,280,5
"3194",842,648,5
"3195",669,879,2
"3196",459,946,5
"3197",2393,358,4
"3198",2684,573,5
"3199",969,539,3
"3200",441,131,5
"3201",136,970,5
"3202",899,133,5
"3203",2878,281,5
"3204",42,311,5
"3205",1307,357,5
"3206",1447,354,5
"3207",905,363,5
"3208",2254,236,4
"3209",2960,414,5
"3210",318,652,5
"3211",2377,252,5
"3212",625,701,5
"3213",2447,923,4
"3214",2116,59,5
"3215",2872,739,5
"3216",218,648,5
"3217",1106,189,4
"3218",1871,281,5
"3219",2611,971,5
"3220",1117,242,5
"3221",928,127,5
"3222",57,928,5
"3223",388,298,5
"3224",2206,412,5
"3225",963,520,5
"3226",1233,222,1
"3227",127,876,5
"3228",920,30,2
"3229",1514,52,5
"3230",2077,177,2
"3231",2248,175,5
"3232",2052,705,5
"3233",573,517,4
"3234",2002,583,5
"3235",264,285,5
"3236",500,520,3
"3237",652,48,5
"3238",987,35,5
"3239",16,734,5
"3240",2119,236,4
"3241",2410,343,5
"3242",1712,811,5
"3243",2139,744,5
"3244",1885,539,5
"3245",1209,54,5
"3246",507,213,5
"3247",2021,282,4
"3248",1119,697,5
"3249",79,237,5
"3250",2797,209,5
"3251",1236,551,4
"3252",351,495,5
"3253",2882,225,5
"3254",2127,384,1
"3255",2686,435,5
"3256",1770,106,5
"3257",1281,255,4
"3258",2945,31,1
"3259",731,31,5
"3260",1047,543,5
"3261",1801,573,5
"3262",2730,69,5
"3263",1416,281,5
"3264",32,491,5
"3265",367,16,5
"3266",2095,474,5
"3267",2186,482,5
"3268",2297,159,5
"3269",622,204,5
"3270",390,621,5
"3271",1796,970,5
"3272",2756,180,2
"3273",784,529,3
"3274",395,343,3
"3275",2977,189,5
"3276",91,587,4
"3277",2704,267,3
"3278",2527,587,4
"3279",2246,224,5
"3280",1212,445,5
"3281",1047,697,5
"3282",1213,108,4
"3283",1705,223,4
"3284",2667,42,5
"3285",1506,477,3
"3286",1679,64,3
"3287",433,867,4
"3288",1517,157,5
"3289",972,529,5
"3290",2988,359,5
"3291",277,750,5
"3292",2276,929,5
"3293",2472,806,5
"3294",2935,193,5
"3295",2788,696,5
"3296",1289,11,5
"3297",723,133,5
"3298",1868,32,5
"3299",112,176,4
"3300",2629,361,5
"3301",251,472,5
"3302",343,113,1
"3303",2890,32,4
"3304",861,123,5
"3305",2774,322,5
"3306",538,167,5
"3307",600,181,5
"3308",2254,378,4
"3309",671,46,1
"3310",991,841,5
"3311",2923,91,5
"3312",2955,52,5
"3313",2540,165,5
"3314",1078,239,4
"3315",1920,235,5
"3316",560,380,5
"3317",2715,987,5
"3318",2067,241,5
"3319",1991,6,2
"3320",2640,526,5
"3321",2801,794,5
"3322",2666,269,5
"3323",2647,123,3
"3324",2999,390,5
"3325",2104,294,5
"3326",1307,835,5
"3327",2297,171,1
"3328",2906,52,5
"3329",1454,474,5
"3330",48,157,3
"3331",2978,68,5
"3332",818,515,5
"3333",29,129,4
"3334",2169,756,1
"3335",152,391,3
"3336",2251,291,5
"3337",1282,294,5
"3338",1458,722,5
"3339",79,59,5
"3340",2966,408,4
"3341",798,214,5
"3342",2947,697,5
"3343",2899,588,5
"3344",1361,973,5
"3345",1880,274,5
"3346",15,457,4
"3347",2075,394,5
"3348",1374,73,5
"3349",1648,789,5
"3350",1129,474,4
"3351",1554,291,5
"3352",409,348,5
"3353",2001,972,5
"3354",2844,175,5
"3355",1131,211,5
"3356",225,344,5
"3357",2946,373,5
"3358",2444,346,5
"3359",2618,129,5
"3360",536,803,5
"3361",2676,252,4
"3362",403,876,5
"3363",1454,794,5
"3364",1019,837,5
"3365",2193,437,5
"3366",2101,780,5
"3367",1652,166,5
"3368",1767,266,5
"3369",1909,108,5
"3370",2802,976,5
"3371",830,745,4
"3372",1528,344,5
"3373",2944,225,5
"3374",2316,372,1
"3375",1249,422,5
"3376",212,593,5
"3377",1485,182,5
"3378",213,359,5
"3379",787,595,5
"3380",2983,181,5
"3381",726,42,1
"3382",252,652,5
"3383",700,813,5
"3384",2440,183,5
"3385",918,157,5
"3386",84,15,4
"3387",2535,378,4
"3388",824,80,5
"3389",174,133,5
"3390",2878,646,4
"3391",639,688,5
"3392",455,384,5
"3393",1202,73,4
"3394",1514,2,5
"3395",1196,133,4
"3396",2348,172,5
"3397",109,133,5
"3398",190,472,5
"3399",1748,461,5
"3400",2948,22,5
"3401",1526,769,5
"3402",593,10,5
"3403",733,204,5
"3404",2373,792,5
"3405",1815,670,4
"3406",1976,902,5
"3407",1092,879,5
"3408",2210,499,5
"3409",265,861,5
"3410",671,40,4
"3411",1628,140,5
"3412",734,293,5
"3413",2280,634,5
"3414",1926,300,5
"3415",1243,965,4
"3416",995,859,5
"3417",2745,964,5
"3418",1568,619,3
"3419",291,701,5
"3420",365,311,5
"3421",198,5,5
"3422",285,133,5
"3423",1787,210,5
"3424",2800,98,4
"3425",2145,559,4
"3426",2907,99,5
"3427",2209,437,5
"3428",2250,467,4
"3429",2154,293,5
"3430",552,449,4
"3431",2012,961,5
"3432",317,823,5
"3433",1672,15,5
"3434",1052,413,4
"3435",2486,37,5
"3436",2897,390,5
"3437",931,408,2
"3438",2834,880,5
"3439",2406,23,5
"3440",1754,2,5
"3441",1941,16,5
"3442",2024,957,5
"3443",730,146,5
"3444",2225,45,5
"3445",363,33,5
"3446",273,55,3
"3447",1610,595,5
"3448",969,417,1
"3449",787,610,5
"3450",1734,789,5
"3451",2598,444,4
"3452",1402,90,5
"3453",1382,7,1
"3454",1156,43,5
"3455",2694,168,5
"3456",1201,52,5
"3457",1525,393,5
"3458",2537,926,5
"3459",1642,281,3
"3460",246,137,4
"3461",1856,248,5
"3462",1130,45,5
"3463",1224,756,5
"3464",2999,174,5
"3465",2910,289,4
"3466",1966,559,5
"3467",438,133,5
"3468",398,54,4
"3469",2680,217,5
"3470",1736,789,4
"3471",2264,781,5
"3472",2067,363,5
"3473",2388,787,3
"3474",1905,39,3
"3475",1771,515,5
"3476",484,123,5
"3477",1875,42,3
"3478",356,13,4
"3479",618,316,5
"3480",92,68,5
"3481",191,108,5
"3482",551,147,5
"3483",1938,350,5
"3484",2773,358,5
"3485",2022,291,3
"3486",628,378,5
"3487",336,430,4
"3488",1824,255,5
"3489",181,718,1
"3490",2808,101,5
"3491",2778,22,5
"3492",1067,347,4
"3493",2062,281,4
"3494",2443,35,5
"3495",1687,133,4
"3496",572,224,5
"3497",848,688,5
"3498",2092,944,2
"3499",1713,172,5
"3500",2922,355,5
"3501",2115,769,5
"3502",896,16,5
"3503",307,621,5
"3504",1269,469,5
"3505",1309,80,5
"3506",675,78,5
"3507",1609,432,5
"3508",932,55,5
"3509",2827,473,5
"3510",1990,724,4
"3511",2448,700,3
"3512",216,833,5
"3513",1786,724,5
"3514",2939,896,5
"3515",1251,469,5
"3516",1162,202,4
"3517",832,94,5
"3518",1712,544,5
"3519",513,52,4
"3520",606,40,5
"3521",1701,98,4
"3522",1016,854,5
"3523",1518,1,3
"3524",2577,752,4
"3525",1216,19,5
"3526",291,52,5
"3527",379,204,5
"3528",2902,59,5
"3529",1596,500,5
"3530",654,280,4
"3531",1929,133,5
"3532",1248,377,5
"3533",438,133,5
"3534",1829,431,5
"3535",991,294,5
"3536",492,133,4
"3537",2135,269,5
"3538",771,907,5
"3539",376,634,1
"3540",2673,23,5
"3541",417,758,5
"3542",2304,428,5
"3543",2081,474,4
"3544",2395,703,4
"3545",796,147,5
"3546",975,129,5
"3547",315,993,5
"3548",883,183,5
"3549",223,16,5
"3550",764,344,4
"3551",351,939,5
"3552",1530,686,5
"3553",516,248,5
"3554",814,178,5
"3555",966,326,5
"3556",109,350,5
"3557",2934,597,5
"3558",2216,696,1
"3559",1421,947,5
"3560",1435,466,5
"3561",1600,22,5
"3562",2985,649,5
"3563",1281,443,5
"3564",2265,776,5
"3565",718,5,1
"3566",2246,350,5
"3567",2347,607,5
"3568",868,64,5
"3569",2504,733,5
"3570",1976,902,5
"3571",580,286,4
"3572",279,167,5
"3573",1544,741,5
"3574",552,639,4
"3575",1491,140,5
"3576",436,515,5
"3577",2639,147,3
"3578",433,36,1
"3579",2291,363,2
"3580",904,48,5
"3581",822,684,5
"3582",401,73,5
"3583",704,129,5
"3584",2254,129,4
"3585",1429,667,5
"3586",1469,526,2
"3587",1025,152,3
"3588",681,530,5
"3589",633,646,5
"3590",316,214,5
"3591",2698,42,5
"3592",275,245,5
"3593",2786,19,4
"3594",1238,65,5
"3595",2473,376,2
"3596",2777,181,4
"3597",1020,587,5
"3598",2705,13,1
"3599",1692,7,5
"3600",1955,287,5
"3601",1787,536,5
"3602",2301,435,5
"3603",2853,369,5
"3604",2943,908,5
"3605",250,11,5
"3606",1197,217,5
"3607",875,25,5
"3608",1594,372,5
"3609",16,5,4
"3610",1222,402,5
"3611",255,369,5
"3612",865,408,5
"3613",2243,372,5
"3614",666,46,4
"3615",2189,560,5
"3616",1517,470,5
"3617",740,101,4
"3618",492,123,4
"3619",753,30,5
"3620",598,3,5
"3621",2390,621,5
"3622",2692,668,5
"3623",398,179,3
"3624",2557,295,5
"3625",2171,29,5
"3626",511,384,5
"3627",370,251,5
"3628",1994,761,5
"3629",2883,843,5
"3630",793,5,4
"3631",2695,428,5
"3632",2673,372,4
"3633",2179,3,1
"3634",2044,750,5
"3635",2513,370,5
"3636",230,179,5
"3637",350,803,4
"3638",560,910,3
"3639",2561,7,1
"3640",1231,80,5
"3641",1680,611,5
"3642",1140,8,5
"3643",2934,193,5
"3644",2397,357,5
"3645",1010,983,5
"3646",2127,271,4
"3647",580,193,5
"3648",299,39,3
"3649",1993,221,5
"3650",2631,708,5
"3651",2513,59,5
"3652",1540,761,5
"3653",2751,236,5
"3654",1313,106,5
"3655",833,677,5
"3656",2618,391,5
"3657",2480,397,4
"3658",468,976,5
"3659",1712,14,4
"3660",629,106,5
"3661",1584,44,5
"3662",1925,255,5
"3663",2852,332,5
"3664",2600,926,4
"3665",1735,840,3
"3666",2928,126,5
"3667",1150,335,4
"3668",2743,445,5
"3669",1510,526,5
"3670",2989,383,5
"3671",1166,59,4
"3672",2193,622,5
"3673",2051,149,5
"3674",986,1,5
"3675",2757,140,5
"3676",1357,794,5
"3677",2760,68,5
"3678",1020,332,5
"3679",2430,807,5
"3680",2136,359,5
"3681",2844,597,5
"3682",2978,224,5
"3683",636,520,5
"3684",1556,274,5
"3685",2815,265,4
"3686",1633,342,4
"3687",591,1000,4
"3688",1925,34,5
"3689",533,104,3
"3690",751,769,4
"3691",1984,102,4
"3692",43,652,1
"3693",2364,246,1
"3694",1839,140,5
"3695",369,227,2
"3696",1655,88,5
"3697",616,876,5
"3698",2173,488,5
"3699",740,836,3
"3700",262,96,5
"3701",685,847,3
"3702",1550,127,5
"3703",433,263,5
"3704",1543,269,1
"3705",891,229,5
"3706",114,217,4
"3707",854,919,5
"3708",976,101,5
"3709",887,14,2
"3710",1843,253,5
"3711",1998,906,4
"3712",1321,397,5
"3713",2828,358,5
"3714",968,744,5
"3715",2544,157,5
"3716",297,11,5
"3717",2835,577,5
"3718",451,377,5
"3719",2222,551,5
"3720",788,159,3
"3721",2437,363,5
"3722",535,122,5
"3723",1777,439,5
"3724",1303,466,5
"3725",2104,378,5
"3726",1665,976,5
"3727",2677,588,5
"3728",2028,448,1
"3729",799,266,5
"3730",8,885,5
"3731",1781,199,5
"3732",548,52,5
"3733",2241,886,5
"3734",1772,553,5
"3735",1749,102,5
"3736",325,81,4
"3737",2254,772,5
"3738",136,449,5
"3739",1378,830,5
"3740",2983,183,5
"3741",2923,506,5
"3742",593,905,5
"3743",230,372,5
"3744",2994,584,2
"3745",1917,582,4
"3746",2890,378,4
"3747",1764,579,5
"3748",2053,136,5
"3749",2811,283,4
"3750",500,588,3
"3751",342,687,5
"3752",2880,4,1
"3753",875,506,5
"3754",2914,135,4
"3755",2916,391,5
"3756",300,171,5
"3757",535,359,5
"3758",858,16,5
"3759",2850,435,5
"3760",2734,222,5
"3761",2526,976,5
"3762",1831,5,5
"3763",320,369,4
"3764",161,3,5
"3765",1024,135,5
"3766",401,294,5
"3767",1124,740,5
"3768",1778,510,5
"3769",1146,170,5
"3770",823,103,5
"3771",1760,175,5
"3772",159,563,5
"3773",2821,4,4
"3774",1233,131,5
"3775",2970,19,5
"3776",2818,327,3
"3777",25,636,5
"3778",1226,16,5
"3779",692,729,5
"3780",1766,697,5
"3781",201,890,5
"3782",1457,5,5
"3783",1460,227,5
"3784",2951,169,5
"3785",2068,2,5
"3786",829,292,2
"3787",2973,122,5
"3788",911,19,5
"3789",2997,46,1
"3790",2875,154,3
"3791",1516,285,5
"3792",2814,222,5
"3793",492,750,4
"3794",2932,225,5
"3795",352,133,5
"3796",194,706,5
"3797",2401,282,5
"3798",2682,10,5
"3799",799,266,5
"3800",366,164,5
"3801",112,771,5
"3802",392,189,5
"3803",1725,244,5
"3804",1929,73,5
"3805",3000,697,3
"3806",536,378,5
"3807",928,77,5
"3808",2022,624,4
"3809",2643,649,5
"3810",563,697,5
"3811",364,39,2
"3812",1445,697,5
"3813",1857,80,5
"3814",455,401,1
"3815",1384,5,5
"3816",2138,244,5
"3817",4,45,5
"3818",596,237,5
"3819",2130,129,5
"3820",1582,349,5
"3821",534,253,5
"3822",1189,196,5
"3823",2961,302,1
"3824",1127,233,1
"3825",477,605,5
"3826",315,80,3
"3827",2287,588,4
"3828",1264,794,5
"3829",1894,527,5
"3830",632,596,5
"3831",311,59,4
"3832",1145,645,2
"3833",1060,1000,1
"3834",607,709,4
"3835",2469,273,5
"3836",327,280,5
"3837",2958,717,5
"3838",2522,129,2
"3839",60,51,5
"3840",1338,103,5
"3841",2086,541,5
"3842",1105,561,5
"3843",2493,276,5
"3844",1167,46,1
"3845",153,820,5
"3846",2591,52,5
"3847",2451,873,5
"3848",2263,380,5
"3849",2214,400,3
"3850",488,477,5
"3851",1124,369,5
"3852",2343,768,5
"3853",1097,237,5
"3854",275,36,5
"3855",1763,744,5
"3856",399,744,5
"3857",72,511,3
"3858",83,275,5
"3859",52,280,5
"3860",505,409,5
"3861",1545,756,5
"3862",1355,236,5
"3863",1587,673,5
"3864",2349,209,5
"3865",2191,582,4
"3866",1566,688,5
"3867",520,238,2
"3868",1213,54,4
"3869",656,52,5
"3870",2542,361,5
"3871",1455,873,3
"3872",1302,789,5
"3873",483,537,5
"3874",2586,174,5
"3875",2325,385,5
"3876",1210,593,4
"3877",1039,80,5
"3878",2363,748,5
"3879",1075,388,5
"3880",464,174,5
"3881",689,635,4
"3882",2742,262,5
"3883",2838,42,5
"3884",451,108,5
"3885",48,350,3
"3886",1772,831,4
"3887",2579,255,5
"3888",2943,202,5
"3889",1366,580,4
"3890",2206,133,5
"3891",2418,344,4
"3892",1194,84,5
"3893",1176,97,5
"3894",1505,280,5
"3895",1757,101,5
"3896",1389,131,5
"3897",1412,51,5
"3898",1774,168,5
"3899",2632,252,4
"3900",9,931,4
"3901",2854,176,5
"3902",660,951,5
"3903",1632,275,4
"3904",1662,563,4
"3905",108,291,4
"3906",31,80,5
"3907",1757,463,5
"3908",2322,494,4
"3909",2744,420,4
"3910",1746,727,5
"3911",654,665,5
"3912",2790,561,5
"3913",2560,265,5
"3914",2348,172,5
"3915",2746,38,3
"3916",1597,766,5
"3917",1185,444,5
"3918",2489,432,5
"3919",1707,280,5
"3920",2914,802,1
"3921",1615,265,1
"3922",500,697,3
"3923",2919,106,5
"3924",2707,236,5
"3925",1990,350,5
"3926",1267,52,5
"3927",957,52,5
"3928",2057,251,2
"3929",1038,181,4
"3930",2560,174,5
"3931",2306,463,5
"3932",2669,352,5
"3933",66,265,5
"3934",1319,697,5
"3935",599,241,5
"3936",928,588,5
"3937",2135,541,5
"3938",2229,797,4
"3939",2655,888,4
"3940",2806,621,5
"3941",255,307,5
"3942",1410,428,5
"3943",838,168,5
"3944",1766,281,5
"3945",2234,169,5
"3946",1570,348,5
"3947",925,384,5
"3948",156,358,5
"3949",2627,7,5
"3950",2892,269,5
"3951",490,77,5
"3952",796,252,5
"3953",2100,596,5
"3954",1770,174,2
"3955",1218,170,3
"3956",38,670,2
"3957",1909,611,5
"3958",1535,706,4
"3959",1996,458,5
"3960",516,222,4
"3961",2479,259,5
"3962",1877,183,4
"3963",1439,25,5
"3964",146,821,3
"3965",1052,236,5
"3966",1654,501,5
"3967",358,769,5
"3968",2860,211,5
"3969",607,25,5
"3970",1053,73,5
"3971",1816,25,3
"3972",466,227,2
"3973",2004,302,4
"3974",1971,705,5
"3975",2368,466,5
"3976",2099,52,4
"3977",552,314,5
"3978",351,19,4
"3979",253,73,5
"3980",2511,977,5
"3981",2655,261,1
"3982",1498,5,5
"3983",1824,621,5
"3984",1194,15,5
"3985",2434,106,5
"3986",943,52,5
"3987",354,777,4
"3988",370,52,5
"3989",1310,222,5
"3990",241,135,5
"3991",390,995,5
"3992",2922,444,3
"3993",528,781,5
"3994",782,432,5
"3995",104,580,2
"3996",2357,369,5
"3997",419,927,5
"3998",1121,676,5
"3999",2415,157,5
"4000",694,103,3
"4001",1053,313,5
"4002",2877,37,5
"4003",1737,526,5
"4004",11,817,5
"4005",2784,164,5
"4006",931,398,5
"4007",1720,48,5
"4008",344,921,5
"4009",2295,621,5
"4010",2198,311,5
"4011",35,939,4
"4012",645,645,5
"4013",7,146,5
"4014",761,29,5
"4015",1587,420,5
"4016",1579,526,4
"4017",2050,909,5
"4018",653,185,4
"4019",659,761,5
"4020",20,427,4
"4021",1426,902,5
"4022",2504,635,5
"4023",485,7,5
"4024",2240,242,4
"4025",1417,308,4
"4026",2385,500,5
"4027",2580,169,5
"4028",103,504,5
"4029",2610,124,5
"4030",1564,77,5
"4031",183,467,5
"4032",1926,300,5
"4033",2771,99,5
"4034",686,253,5
"4035",1287,222,4
"4036",150,96,1
"4037",396,176,5
"4038",433,18,5
"4039",1109,635,5
"4040",2180,42,5
"4041",224,98,5
"4042",2600,133,5
"4043",2961,123,5
"4044",1308,714,4
"4045",1353,313,5
"4046",1990,647,5
"4047",2980,811,4
"4048",891,293,5
"4049",2621,683,5
"4050",2059,431,5
"4051",2103,402,5
"4052",51,42,5
"4053",2416,701,5
"4054",284,838,5
"4055",156,59,4
"4056",29,80,3
"4057",1748,231,5
"4058",1546,416,5
"4059",2264,781,5
"4060",213,189,5
"4061",1322,619,3
"4062",189,604,5
"4063",474,96,5
"4064",652,48,5
"4065",1011,224,5
"4066",1175,140,5
"4067",1557,5,4
"4068",2478,357,5
"4069",2050,350,5
"4070",2508,7,5
"4071",2210,254,5
"4072",377,15,4
"4073",1356,298,4
"4074",533,919,5
"4075",1178,18,5
"4076",2675,986,3
"4077",1465,62,5
"4078",2364,174,5
"4079",254,42,5
"4080",2266,752,1
"4081",657,341,5
"4082",136,479,4
"4083",1971,550,5
"4084",346,914,5
"4085",2311,732,3
"4086",2295,227,5
"4087",2722,22,5
"4088",185,547,4
"4089",2328,311,5
"4090",681,390,4
"4091",254,679,5
"4092",322,15,5
"4093",765,237,5
"4094",117,178,5
"4095",1992,224,5
"4096",144,537,5
"4097",513,806,4
"4098",1513,525,5
"4099",1796,315,5
"4100",321,313,5
"4101",261,37,5
"4102",381,432,4
"4103",2170,817,1
"4104",196,7,5
"4105",2245,919,4
"4106",1902,838,5
"4107",228,696,5
"4108",2127,610,1
"4109",2801,397,5
"4110",301,281,5
"4111",313,264,5
"4112",1885,2,5
"4113",2285,783,5
"4114",1124,455,5
"4115",2331,123,5
"4116",1515,46,5
"4117",2315,741,5
"4118",740,99,5
"4119",1102,26,4
"4120",1497,979,5
"4121",1662,363,5
"4122",1780,90,5
"4123",2348,271,5
"4124",1310,48,5
"4125",117,14,5
"4126",165,600,3
"4127",444,251,4
"4128",2892,106,5
"4129",2243,69,5
"4130",2203,335,5
"4131",505,487,4
"4132",2689,16,5
"4133",2434,793,5
"4134",1698,976,5
"4135",2594,818,2
"4136",2396,504,5
"4137",2603,547,5
"4138",1013,452,5
"4139",2877,520,5
"4140",2286,252,5
"4141",749,20,4
"4142",2207,845,5
"4143",156,432,5
"4144",1007,223,2
"4145",52,914,2
"4146",433,701,5
"4147",1670,634,5
"4148",569,466,5
"4149",916,168,4
"4150",2413,638,5
"4151",1024,277,5
"4152",132,6,4
"4153",70,77,5
"4154",714,910,5
"4155",2164,44,5
"4156",425,204,5
"4157",147,140,5
"4158",163,179,4
"4159",411,756,5
"4160",1526,121,5
"4161",2466,124,5
"4162",970,127,5
"4163",2835,604,5
"4164",179,171,4
"4165",1602,701,5
"4166",984,394,4
"4167",2220,645,5
"4168",113,926,5
"4169",1930,365,5
"4170",1340,499,5
"4171",1067,84,5
"4172",2004,332,4
"4173",2470,133,5
"4174",1487,294,5
"4175",1503,224,5
"4176",1288,52,5
"4177",972,204,5
"4178",273,480,5
"4179",1710,500,5
"4180",604,252,5
"4181",2603,46,5
"4182",209,473,5
"4183",23,724,5
"4184",732,838,5
"4185",2667,300,5
"4186",2401,789,5
"4187",2592,5,3
"4188",451,757,5
"4189",2952,874,4
"4190",733,824,5
"4191",1514,38,2
"4192",773,789,4
"4193",1962,879,5
"4194",1664,210,5
"4195",2445,398,3
"4196",2155,730,5
"4197",1158,501,3
"4198",1354,307,5
"4199",2495,20,5
"4200",178,164,5
"4201",289,493,5
"4202",1263,5,5
"4203",2172,189,5
"4204",2770,157,5
"4205",1890,835,5
"4206",1055,628,3
"4207",664,204,5
"4208",20,283,5
"4209",1961,460,5
"4210",2791,1,4
"4211",2525,372,5
"4212",2836,271,5
"4213",2135,4,5
"4214",1235,257,5
"4215",295,229,5
"4216",973,11,5
"4217",448,10,5
"4218",2507,623,5
"4219",2055,606,4
"4220",1170,999,5
"4221",1445,294,5
"4222",113,157,5
"4223",949,947,5
"4224",178,95,5
"4225",340,16,5
"4226",1747,174,5
"4227",2246,761,5
"4228",2439,879,5
"4229",2772,313,5
"4230",2515,700,5
"4231",41,369,5
"4232",1811,683,2
"4233",810,699,4
"4234",1836,4,5
"4235",1824,70,1
"4236",2387,966,4
"4237",759,21,5
"4238",526,925,5
"4239",2210,7,5
"4240",1294,694,5
"4241",2091,183,5
"4242",898,539,5
"4243",1660,133,5
"4244",1902,455,5
"4245",2801,344,5
"4246",2328,733,4
"4247",2953,750,5
"4248",1953,253,5
"4249",574,170,5
"4250",2686,298,5
"4251",164,44,5
"4252",1388,370,5
"4253",1126,10,5
"4254",1416,224,5
"4255",2049,524,5
"4256",1118,501,5
"4257",568,661,1
"4258",1461,96,5
"4259",2119,823,5
"4260",518,919,5
"4261",618,461,5
"4262",2463,204,4
"4263",863,280,5
"4264",1652,444,5
"4265",896,16,5
"4266",525,126,5
"4267",968,65,5
"4268",1366,7,5
"4269",1659,71,5
"4270",541,44,5
"4271",1159,157,5
"4272",2147,474,5
"4273",2394,87,5
"4274",981,940,5
"4275",852,479,5
"4276",2491,174,4
"4277",2904,7,2
"4278",2853,43,5
"4279",961,551,4
"4280",95,286,5
"4281",2684,244,3
"4282",2495,590,5
"4283",1522,504,4
"4284",347,174,5
"4285",84,177,4
"4286",2812,245,5
"4287",2120,987,5
"4288",1792,824,5
"4289",922,390,5
"4290",343,840,5
"4291",2554,527,5
"4292",1225,264,5
"4293",2517,444,5
"4294",2783,201,3
"4295",851,902,5
"4296",2905,314,5
"4297",2643,2,5
"4298",530,289,3
"4299",1125,510,2
"4300",844,220,5
"4301",1468,266,5
"4302",1807,157,5
"4303",1228,174,5
"4304",818,957,5
"4305",405,133,4
"4306",2619,3,5
"4307",943,806,4
"4308",1154,499,5
"4309",929,199,5
"4310",771,546,5
"4311",1201,610,5
"4312",251,824,5
"4313",1653,312,5
"4314",2449,194,5
"4315",1170,213,4
"4316",2913,309,2
"4317",389,390,5
"4318",2901,236,5
"4319",307,329,5
"4320",443,903,5
"4321",2471,197,5
"4322",1879,744,3
"4323",557,214,3
"4324",2299,147,4
"4325",1612,11,5
"4326",2247,412,5
"4327",255,129,5
"4328",1931,143,5
"4329",235,807,5
"4330",82,610,5
"4331",662,461,5
"4332",1805,281,5
"4333",2974,311,1
"4334",536,179,5
"4335",734,509,5
"4336",823,133,3
"4337",785,541,4
"4338",541,70,5
"4339",2854,909,5
"4340",1395,265,5
"4341",2216,250,5
"4342",1863,262,5
"4343",2939,36,5
"4344",2137,145,5
"4345",2344,262,5
"4346",2332,407,5
"4347",27,619,1
"4348",1011,281,5
"4349",2885,372,5
"4350",22,48,5
"4351",2000,806,5
"4352",795,619,5
"4353",462,133,4
"4354",886,36,5
"4355",2483,923,5
"4356",1525,42,5
"4357",1132,2,5
"4358",2152,697,4
"4359",2113,618,5
"4360",2561,391,3
"4361",918,571,5
"4362",88,349,5
"4363",1016,15,5
"4364",2054,530,5
"4365",2638,378,5
"4366",2947,926,5
"4367",167,563,5
"4368",963,281,5
"4369",743,437,5
"4370",1770,311,3
"4371",175,142,5
"4372",1770,524,3
"4373",2650,851,5
"4374",1484,646,5
"4375",1814,684,5
"4376",2340,266,4
"4377",786,382,5
"4378",2731,42,3
"4379",1352,903,5
"4380",2530,622,5
"4381",2922,23,5
"4382",2268,94,5
"4383",2639,567,5
"4384",2605,696,5
"4385",2181,332,4
"4386",652,146,5
"4387",180,845,5
"4388",876,758,5
"4389",2905,59,5
"4390",1727,940,4
"4391",715,67,5
"4392",2188,639,2
"4393",1827,363,5
"4394",1350,194,5
"4395",2820,862,5
"4396",1504,660,2
"4397",1080,252,5
"4398",1102,645,5
"4399",1539,88,4
"4400",2715,253,5
"4401",90,455,4
"4402",826,361,5
"4403",1589,111,5
"4404",1725,16,5
"4405",280,189,5
"4406",1404,297,5
"4407",2538,126,5
"4408",1272,467,5
"4409",555,98,5
"4410",1219,271,4
"4411",2862,97,5
"4412",2969,179,5
"4413",1376,500,5
"4414",1162,40,5
"4415",2484,110,1
"4416",1006,406,5
"4417",634,39,5
"4418",2764,294,5
"4419",522,320,5
"4420",275,302,5
"4421",1209,265,5
"4422",801,696,5
"4423",488,363,5
"4424",1321,5,5
"4425",1800,11,1
"4426",2224,344,4
"4427",1657,226,5
"4428",816,248,5
"4429",2152,862,5
"4430",2521,7,3
"4431",933,740,5
"4432",2138,859,5
"4433",2206,102,5
"4434",380,281,3
"4435",399,35,5
"4436",869,772,5
"4437",2601,466,5
"4438",1604,587,5
"4439",862,254,5
"4440",2822,730,5
"4441",1084,71,5
"4442",1997,242,5
"4443",1304,297,1
"4444",2751,133,5
"4445",1201,573,5
"4446",2010,176,5
"4447",407,879,5
"4448",2844,142,5
"4449",2898,355,1
"4450",2156,756,5
"4451",2623,344,5
"4452",2084,101,5
"4453",2850,476,5
"4454",1373,524,5
"4455",1048,183,5
"4456",102,690,5
"4457",576,254,4
"4458",1362,210,5
"4459",2409,652,5
"4460",1872,234,5
"4461",1386,305,5
"4462",727,369,3
"4463",1380,223,4
"4464",2802,379,5
"4465",285,520,5
"4466",350,575,4
"4467",1853,281,5
"4468",245,189,5
"4469",2482,363,5
"4470",2587,916,5
"4471",1124,378,5
"4472",642,211,5
"4473",2807,347,5
"4474",1560,264,5
"4475",1909,248,5
"4476",376,270,5
"4477",457,559,5
"4478",256,794,5
"4479",2621,627,5
"4480",840,411,5
"4481",2875,15,5
"4482",2413,245,5
"4483",2376,224,3
"4484",1054,409,5
"4485",1298,44,5
"4486",535,811,5
"4487",2352,622,4
"4488",1803,452,4
"4489",607,364,5
"4490",2248,611,5
"4491",1060,489,5
"4492",817,6,5
"4493",1303,683,5
"4494",1119,80,5
"4495",315,761,1
"4496",446,252,4
"4497",1888,891,3
"4498",2830,584,5
"4499",2201,262,5
"4500",2294,101,3
"4501",2783,30,1
"4502",2607,35,1
"4503",1359,166,5
"4504",1187,59,1
"4505",2381,561,5
"4506",2083,520,5
"4507",299,109,5
"4508",914,697,5
"4509",11,304,5
"4510",2429,40,5
"4511",255,624,2
"4512",371,701,5
"4513",98,695,5
"4514",2464,48,4
"4515",2508,463,5
"4516",1344,90,5
"4517",1216,180,5
"4518",2869,715,4
"4519",1704,157,3
"4520",2288,431,5
"4521",2614,304,5
"4522",2743,458,5
"4523",1910,270,5
"4524",93,170,5
"4525",2777,34,5
"4526",119,311,5
"4527",1268,45,5
"4528",1032,422,5
"4529",1333,378,5
"4530",2581,391,5
"4531",245,59,5
"4532",841,70,5
"4533",2548,129,5
"4534",1013,347,5
"4535",1391,294,5
"4536",427,1,3
"4537",2434,304,5
"4538",1451,563,5
"4539",1732,794,4
"4540",919,474,5
"4541",2201,456,5
"4542",936,52,5
"4543",1954,435,5
"4544",2127,163,5
"4545",455,16,5
"4546",2029,727,5
"4547",1600,688,5
"4548",2264,181,5
"4549",700,621,5
"4550",1612,440,5
"4551",161,3,5
"4552",989,384,1
"4553",2431,771,5
"4554",671,621,5
"4555",2120,788,5
"4556",1622,350,5
"4557",934,234,5
"4558",2087,7,3
"4559",1585,474,4
"4560",1591,377,5
"4561",2812,710,5
"4562",1474,224,5
"4563",1917,542,4
"4564",1349,280,5
"4565",704,123,5
"4566",2353,25,4
"4567",1335,122,5
"4568",289,88,5
"4569",2467,10,5
"4570",1854,293,5
"4571",790,1,5
"4572",2672,27,3
"4573",2156,432,5
"4574",228,133,5
"4575",950,487,5
"4576",2501,363,5
"4577",817,193,5
"4578",2844,170,5
"4579",2376,826,5
"4580",323,707,5
"4581",2468,283,5
"4582",1538,334,5
"4583",2529,801,5
"4584",2106,291,5
"4585",2294,444,5
"4586",720,174,5
"4587",1491,291,5
"4588",842,394,5
"4589",986,159,3
"4590",1902,951,5
"4591",644,158,5
"4592",2954,225,2
"4593",1850,286,2
"4594",429,2,1
"4595",1604,772,5
"4596",1874,906,3
"4597",1672,811,5
"4598",2785,744,5
"4599",2999,253,5
"4600",1085,745,5
"4601",1176,495,4
"4602",1943,6,4
"4603",186,254,5
"4604",685,98,5
"4605",1184,46,4
"4606",1866,213,5
"4607",1840,269,5
"4608",90,831,5
"4609",2676,254,5
"4610",8,48,5
"4611",1123,81,5
"4612",405,761,3
"4613",175,294,5
"4614",2795,124,5
"4615",661,750,5
"4616",391,696,5
"4617",1640,595,5
"4618",726,311,3
"4619",909,919,2
"4620",8,231,5
"4621",1260,157,3
"4622",922,300,5
"4623",2750,300,5
"4624",2624,761,5
"4625",214,559,5
"4626",2352,235,5
"4627",2782,524,4
"4628",2095,560,5
"4629",891,157,5
"4630",1217,643,5
"4631",207,881,5
"4632",2016,61,5
"4633",1598,391,4
"4634",2934,455,5
"4635",1918,302,5
"4636",1935,145,4
"4637",2798,768,5
"4638",151,234,5
"4639",55,62,2
"4640",1203,51,4
"4641",1262,350,5
"4642",75,19,5
"4643",488,411,5
"4644",2354,177,5
"4645",1365,604,5
"4646",1130,45,5
"4647",277,45,5
"4648",360,599,5
"4649",2956,164,5
"4650",132,865,2
"4651",631,280,5
"4652",2744,378,4
"4653",130,3,5
"4654",291,597,5
"4655",466,227,2
"4656",1542,697,5
"4657",1443,280,5
"4658",2136,813,5
"4659",2346,385,5
"4660",530,85,5
"4661",778,298,5
"4662",1069,344,5
"4663",592,110,5
"4664",500,85,4
"4665",1361,119,5
"4666",2314,789,5
"4667",982,42,5
"4668",1754,572,5
"4669",927,506,5
"4670",246,137,4
"4671",1706,80,5
"4672",2322,36,5
"4673",2633,140,5
"4674",1359,363,5
"4675",110,36,5
"4676",2522,350,5
"4677",2314,167,5
"4678",828,155,5
"4679",836,789,4
"4680",1388,328,2
"4681",1932,175,5
"4682",1695,432,5
"4683",2562,714,5
"4684",729,380,4
"4685",216,330,5
"4686",287,639,5
"4687",377,270,4
"4688",736,383,5
"4689",2620,937,2
"4690",1613,423,5
"4691",619,836,1
"4692",1116,412,5
"4693",2693,416,5
"4694",14,289,5
"4695",2123,129,5
"4696",490,487,5
"4697",1575,8,5
"4698",516,3,5
"4699",1292,724,5
"4700",2603,554,5
"4701",2776,52,5
"4702",1058,80,4
"4703",2976,189,5
"4704",2086,317,5
"4705",2813,31,5
"4706",2616,40,5
"4707",2775,429,5
"4708",1928,5,5
"4709",717,589,5
"4710",1557,467,4
"4711",2398,781,4
"4712",1284,558,1
"4713",479,841,5
"4714",1743,329,5
"4715",695,378,4
"4716",2556,65,5
"4717",1107,227,5
"4718",57,794,5
"4719",1963,276,5
"4720",391,133,5
"4721",327,4,5
"4722",503,952,1
"4723",1598,976,4
"4724",1859,28,5
"4725",1540,378,5
"4726",366,622,5
"4727",1763,122,5
"4728",1395,214,5
"4729",1232,65,3
"4730",2160,221,5
"4731",1908,189,5
"4732",1508,96,4
"4733",319,742,5
"4734",2227,283,4
"4735",1601,133,5
"4736",1387,99,4
"4737",1339,90,2
"4738",2516,398,5
"4739",845,102,5
"4740",656,269,5
"4741",763,671,4
"4742",2389,953,4
"4743",495,268,5
"4744",2309,5,5
"4745",1458,499,5
"4746",2443,670,5
"4747",2145,824,5
"4748",1457,7,5
"4749",1989,135,5
"4750",2101,761,5
"4751",332,750,5
"4752",2177,780,4
"4753",1229,47,5
"4754",2178,266,4
"4755",2248,121,4
"4756",323,432,5
"4757",503,19,4
"4758",2168,133,5
"4759",91,533,5
"4760",1046,225,5
"4761",1900,412,5
"4762",1549,212,5
"4763",1299,38,5
"4764",276,418,4
"4765",320,761,5
"4766",387,754,5
"4767",588,42,2
"4768",1733,147,5
"4769",1487,697,5
"4770",2410,305,5
"4771",2632,252,4
"4772",613,380,3
"4773",752,236,5
"4774",1656,309,4
"4775",908,518,4
"4776",2577,281,5
"4777",569,225,5
"4778",1535,706,4
"4779",1927,140,5
"4780",1540,686,5
"4781",654,52,5
"4782",1353,431,5
"4783",1377,133,5
"4784",2498,223,4
"4785",1960,996,5
"4786",156,233,4
"4787",2927,122,5
"4788",348,838,4
"4789",32,432,5
"4790",2638,509,5
"4791",557,834,5
"4792",793,515,4
"4793",531,168,4
"4794",1625,263,1
"4795",376,817,3
"4796",2848,640,5
"4797",2095,760,5
"4798",2622,228,5
"4799",2305,339,5
"4800",2797,738,5
"4801",2869,339,5
"4802",2800,840,5
"4803",1008,59,5
"4804",2318,42,4
"4805",931,903,5
"4806",411,468,5
"4807",958,84,5
"4808",435,59,5
"4809",578,294,5
"4810",249,233,5
"4811",2011,285,4
"4812",2972,133,5
"4813",2935,831,5
"4814",1091,24,3
"4815",751,5,5
"4816",943,378,5
"4817",1671,46,2
"4818",747,66,1
"4819",1285,961,5
"4820",2858,235,1
"4821",2794,170,5
"4822",2870,5,5
"4823",437,652,5
"4824",584,635,4
"4825",2303,602,5
"4826",734,245,5
"4827",501,204,5
"4828",225,879,5
"4829",1820,231,4
"4830",912,194,5
"4831",2235,1000,4
"4832",1753,322,5
"4833",1053,939,5
"4834",2163,110,5
"4835",2876,5,3
"4836",1740,750,5
"4837",715,664,5
"4838",2372,264,5
"4839",69,854,2
"4840",1062,701,5
"4841",1625,71,1
"4842",1137,563,5
"4843",2749,65,5
"4844",2929,297,2
"4845",2524,84,5
"4846",488,879,3
"4847",2643,80,5
"4848",1355,332,5
"4849",1262,10,5
"4850",302,971,5
"4851",929,998,3
"4852",344,478,5
"4853",856,942,5
"4854",2855,931,5
"4855",643,801,5
"4856",119,52,5
"4857",2292,773,5
"4858",2770,80,1
"4859",317,428,5
"4860",1606,159,4
"4861",2990,363,5
"4862",1425,435,5
"4863",2979,112,5
"4864",2007,181,3
"4865",1049,719,5
"4866",2887,617,5
"4867",636,133,5
"4868",2220,596,5
"4869",2591,25,5
"4870",774,697,5
"4871",2464,297,5
"4872",2740,750,5
"4873",1164,73,1
"4874",1725,965,5
"4875",2347,276,5
"4876",734,378,5
"4877",2965,77,4
"4878",1133,66,5
"4879",1609,236,5
"4880",1182,588,5
"4881",294,813,5
"4882",1629,69,5
"4883",2964,30,1
"4884",2497,538,5
"4885",57,572,5
"4886",2967,547,5
"4887",2476,823,5
"4888",48,804,4
"4889",2951,313,5
"4890",106,888,4
"4891",702,633,5
"4892",546,510,5
"4893",1828,926,5
"4894",560,681,5
"4895",405,366,4
"4896",1784,84,5
"4897",1906,929,5
"4898",1641,394,5
"4899",240,428,5
"4900",1687,130,5
"4901",1892,665,4
"4902",61,724,5
"4903",358,41,5
"4904",2593,575,5
"4905",2195,341,5
"4906",2571,384,5
"4907",1633,258,5
"4908",2462,710,4
"4909",1369,241,5
"4910",2256,29,5
"4911",2698,378,5
"4912",1428,645,5
"4913",1901,14,1
"4914",2120,835,5
"4915",1406,807,5
"4916",1032,241,5
"4917",2601,283,5
"4918",1996,122,5
"4919",1008,801,5
"4920",824,697,5
"4921",2243,398,5
"4922",2639,330,2
"4923",2051,37,5
"4924",1749,599,5
"4925",1283,291,4
"4926",2634,390,3
"4927",482,146,5
"4928",98,181,5
"4929",2309,931,5
"4930",2845,637,5
"4931",1895,807,5
"4932",1097,114,5
"4933",1338,2,3
"4934",1854,313,5
"4935",2474,350,4
"4936",1041,891,2
"4937",1740,189,5
"4938",482,936,5
"4939",1321,503,4
"4940",820,157,5
"4941",185,116,5
"4942",465,77,5
"4943",427,178,4
"4944",2493,140,5
"4945",779,149,5
"4946",73,377,5
"4947",2670,618,5
"4948",411,547,5
"4949",2670,463,5
"4950",2968,452,5
"4951",2340,789,5
"4952",1556,332,5
"4953",2608,469,4
"4954",795,59,5
"4955",1902,185,5
"4956",1846,588,5
"4957",825,909,5
"4958",334,227,5
"4959",816,766,4
"4960",851,847,5
"4961",1791,3,5
"4962",1930,144,5
"4963",1669,635,3
"4964",2002,5,2
"4965",1187,55,5
"4966",247,133,5
"4967",675,5,5
"4968",1733,25,5
"4969",2469,281,5
"4970",1150,369,3
"4971",15,418,4
"4972",2266,224,5
"4973",1828,378,5
"4974",861,12,5
"4975",2730,597,5
"4976",2122,394,5
"4977",1920,454,5
"4978",2234,987,5
"4979",2480,214,5
"4980",1698,499,5
"4981",2606,906,5
"4982",1459,157,4
"4983",1789,49,5
"4984",1762,177,3
"4985",1189,639,4
"4986",1838,500,5
"4987",601,277,5
"4988",201,367,4
"4989",596,2,5
"4990",974,452,5
"4991",2197,157,5
"4992",137,25,5
"4993",519,838,5
"4994",830,754,5
"4995",2999,85,5
"4996",1968,7,2
"4997",1230,189,4
"4998",595,350,5
"4999",1187,170,4
"5000",654,52,5
"5001",2017,469,5
"5002",1641,449,4
"5003",2650,59,5
"5004",1820,176,5
"5005",330,559,4
"5006",1550,21,5
"5007",2419,230,5
"5008",669,222,5
"5009",242,236,5
"5010",1064,880,5
"5011",751,10,5
"5012",301,332,5
"5013",2255,363,2
"5014",1742,621,5
"5015",350,445,4
"5016",2927,270,5
"5017",2564,280,4
"5018",115,106,5
"5019",1161,391,5
"5020",2871,466,5
"5021",2508,98,5
"5022",1453,727,5
"5023",2850,411,5
"5024",2136,840,5
"5025",1575,180,5
"5026",1187,10,5
"5027",626,225,5
"5028",1226,110,5
"5029",546,600,5
"5030",2102,378,5
"5031",2447,80,4
"5032",1341,526,5
"5033",1529,21,3
"5034",2430,47,4
"5035",2646,50,5
"5036",446,39,5
"5037",2247,123,5
"5038",2689,23,3
"5039",2313,605,1
"5040",317,341,4
"5041",2507,453,5
"5042",781,85,5
"5043",2916,252,4
"5044",1447,5,5
"5045",321,80,5
"5046",1976,5,5
"5047",2862,206,5
"5048",1511,234,5
"5049",1351,220,5
"5050",438,293,5
"5051",1558,20,5
"5052",2329,281,5
"5053",2297,5,5
"5054",683,474,5
"5055",1704,761,3
"5056",1084,58,5
"5057",1882,140,5
"5058",2134,148,5
"5059",2557,99,4
"5060",2216,224,3
"5061",1793,85,5
"5062",1991,106,5
"5063",1612,123,5
"5064",99,463,5
"5065",908,725,5
"5066",1444,91,5
"5067",2870,526,5
"5068",1125,253,5
"5069",675,845,5
"5070",894,247,5
"5071",2087,52,5
"5072",1122,932,1
"5073",2419,387,5
"5074",136,995,5
"5075",477,609,5
"5076",2643,155,5
"5077",85,127,5
"5078",254,391,5
"5079",387,928,5
"5080",1758,241,5
"5081",2705,304,5
"5082",1074,996,4
"5083",2746,229,5
"5084",625,801,2
"5085",870,80,4
"5086",274,757,3
"5087",644,45,5
"5088",2673,16,5
"5089",2390,170,5
"5090",1423,908,5
"5091",1793,84,5
"5092",1925,183,5
"5093",77,171,5
"5094",1117,222,4
"5095",672,244,5
"5096",1751,847,5
"5097",344,470,5
"5098",2853,844,5
"5099",2096,696,5
"5100",1318,40,5
"5101",2188,235,5
"5102",136,511,4
"5103",473,751,5
"5104",81,831,4
"5105",1092,176,5
"5106",933,852,5
"5107",1684,838,5
"5108",2805,389,5
"5109",2820,161,5
"5110",2560,878,5
"5111",2823,210,5
"5112",2930,947,2
"5113",830,55,5
"5114",2294,866,2
"5115",665,19,5
"5116",1634,280,5
"5117",432,281,3
"5118",766,908,5
"5119",2616,234,5
"5120",1727,573,5
"5121",2902,972,2
"5122",548,4,2
"5123",202,612,5
"5124",1908,908,5
"5125",1717,71,3
"5126",591,435,5
