"","X1_test","X2_test","Y_test"
"1",763,521,5
"2",2259,102,1
"3",2259,922,5
"4",2259,899,5
"5",395,280,4
"6",395,98,5
"7",482,280,5
"8",2664,307,4
"9",1393,276,5
"10",742,353,5
"11",1966,55,5
"12",1966,230,4
"13",2099,183,4
"14",2099,108,4
"15",2670,953,1
"16",2670,688,5
"17",2670,469,1
"18",2670,625,5
"19",2670,500,5
"20",1207,11,5
"21",1207,177,5
"22",1207,235,5
"23",1207,30,1
"24",1207,830,5
"25",344,762,5
"26",344,967,5
"27",2044,20,5
"28",2044,369,4
"29",2044,129,5
"30",2044,772,5
"31",2122,763,5
"32",1351,668,4
"33",1351,57,5
"34",1351,977,5
"35",1351,262,2
"36",2911,388,5
"37",2911,411,5
"38",448,204,4
"39",1454,684,5
"40",2623,286,4
"41",2076,835,4
"42",2076,752,4
"43",738,363,5
"44",309,68,5
"45",309,696,4
"46",403,902,5
"47",1378,5,5
"48",2940,936,5
"49",866,308,3
"50",866,68,3
"51",866,576,5
"52",2685,59,4
"53",2685,133,3
"54",1590,716,5
"55",1590,224,5
"56",1590,183,5
"57",1590,471,5
"58",692,544,5
"59",2419,390,1
"60",2419,951,5
"61",1693,499,5
"62",2557,27,5
"63",2557,186,5
"64",1091,23,5
"65",1942,334,5
"66",2532,644,5
"67",771,97,5
"68",981,458,5
"69",1470,777,5
"70",1470,677,5
"71",1205,634,5
"72",842,344,5
"73",2005,236,5
"74",2005,105,5
"75",2005,313,5
"76",356,7,5
"77",1639,10,5
"78",1639,344,5
"79",2046,260,5
"80",2046,650,5
"81",1338,274,4
"82",1684,313,4
"83",1684,869,4
"84",1445,224,5
"85",2207,603,5
"86",2078,37,5
"87",2078,357,4
"88",32,98,4
"89",32,35,5
"90",32,157,5
"91",32,179,5
"92",1714,257,5
"93",1714,446,5
"94",1714,13,5
"95",1714,1,5
"96",525,690,5
"97",525,329,5
"98",2825,281,5
"99",2825,244,5
"100",2825,350,4
"101",2236,274,5
"102",2236,123,5
"103",2236,142,4
"104",2280,890,5
"105",2280,623,5
"106",2280,122,5
"107",242,646,5
"108",242,236,5
"109",242,213,5
"110",864,463,4
"111",864,655,4
"112",864,919,5
"113",724,499,5
"114",724,732,3
"115",2955,722,3
"116",2955,859,5
"117",2955,244,4
"118",533,29,4
"119",533,59,5
"120",387,696,4
"121",387,752,5
"122",387,133,5
"123",743,252,5
"124",1428,597,5
"125",1428,327,4
"126",263,23,5
"127",2015,266,5
"128",2015,506,5
"129",2015,547,5
"130",1718,258,5
"131",2835,53,1
"132",2835,214,5
"133",2835,206,5
"134",2835,472,5
"135",431,7,5
"136",431,16,5
"137",431,489,5
"138",470,224,3
"139",144,199,5
"140",144,554,5
"141",648,170,5
"142",648,344,5
"143",648,122,5
"144",648,494,5
"145",2483,412,5
"146",2483,724,5
"147",1677,350,5
"148",1780,789,5
"149",1780,230,5
"150",1780,391,5
"151",2240,811,5
"152",2525,80,5
"153",1439,872,4
"154",1439,466,5
"155",1253,838,5
"156",2018,533,5
"157",2018,35,5
"158",2671,122,5
"159",2671,721,5
"160",854,133,3
"161",45,379,3
"162",45,22,5
"163",45,116,2
"164",562,726,2
"165",562,359,1
"166",562,789,3
"167",562,541,4
"168",2901,587,4
"169",2901,307,4
"170",2352,15,5
"171",2352,806,5
"172",2352,976,5
"173",2652,169,2
"174",2621,246,5
"175",2415,697,5
"176",2840,135,5
"177",2840,44,4
"178",2153,164,3
"179",2153,312,5
"180",2153,612,4
"181",1063,826,5
"182",1063,361,5
"183",1063,544,5
"184",2165,40,3
"185",1681,716,5
"186",1681,610,1
"187",1681,287,5
"188",1681,110,5
"189",1681,477,1
"190",81,123,3
"191",81,133,5
"192",1381,391,4
"193",460,571,5
"194",2296,32,5
"195",2296,25,1
"196",2296,472,4
"197",710,635,3
"198",710,140,5
"199",710,5,5
"200",1949,605,5
"201",1949,101,5
"202",1949,478,4
"203",805,399,5
"204",1298,577,4
"205",1298,43,5
"206",1298,928,5
"207",1298,389,4
"208",2031,806,4
"209",2031,429,3
"210",1845,101,5
"211",481,312,5
"212",2745,849,4
"213",2649,580,5
"214",1587,23,5
"215",1587,317,5
"216",2951,11,5
"217",1262,480,5
"218",1262,276,5
"219",1392,992,5
"220",1392,632,5
"221",1392,103,3
"222",3,196,5
"223",13,7,5
"224",13,60,5
"225",2777,97,5
"226",2749,264,5
"227",2510,378,4
"228",2510,525,5
"229",2510,697,5
"230",2510,350,5
"231",2510,757,5
"232",2292,70,5
"233",2292,561,5
"234",2292,532,5
"235",936,903,5
"236",936,720,5
"237",936,265,5
"238",178,212,5
"239",178,811,5
"240",89,158,2
"241",89,18,5
"242",89,399,5
"243",89,127,5
"244",89,5,4
"245",68,143,5
"246",68,317,5
"247",68,560,5
"248",2010,685,5
"249",2218,65,5
"250",2218,507,5
"251",87,25,5
"252",87,108,5
"253",2514,23,5
"254",2434,196,5
"255",1836,29,4
"256",515,806,3
"257",2121,621,5
"258",2121,97,5
"259",1331,520,5
"260",1331,218,4
"261",1331,193,4
"262",1403,157,5
"263",1403,378,4
"264",404,170,5
"265",1221,752,5
"266",1221,13,4
"267",1221,48,5
"268",1221,170,4
"269",848,991,1
"270",848,458,5
"271",848,669,5
"272",2817,159,5
"273",1020,73,4
"274",1020,157,5
"275",1020,236,5
"276",1249,811,5
"277",1249,46,5
"278",497,454,4
"279",1961,414,5
"280",2297,811,5
"281",2297,214,4
"282",1120,299,5
"283",1998,123,5
"284",2070,31,4
"285",2070,968,2
"286",2587,18,5
"287",2587,241,5
"288",2587,254,5
"289",2587,865,5
"290",2175,208,5
"291",2175,117,5
"292",2175,99,5
"293",1798,238,5
"294",539,737,5
"295",539,163,5
"296",539,269,5
"297",539,363,5
"298",141,930,5
"299",947,917,4
"300",947,7,2
"301",2798,609,5
"302",2798,610,5
"303",2594,562,5
"304",2155,966,5
"305",2155,697,5
"306",964,18,2
"307",2753,261,4
"308",2753,219,5
"309",1648,7,5
"310",1648,289,5
"311",64,427,5
"312",1749,668,5
"313",1749,135,4
"314",1758,378,5
"315",1758,297,5
"316",1237,487,5
"317",1237,963,5
"318",1237,767,5
"319",1128,253,5
"320",1128,180,4
"321",1128,376,5
"322",1475,317,5
"323",1121,135,5
"324",1121,31,5
"325",1121,936,5
"326",1121,172,5
"327",1081,292,5
"328",1753,423,5
"329",843,479,5
"330",1013,769,5
"331",1013,593,5
"332",2570,670,5
"333",2570,39,5
"334",1080,147,5
"335",1080,65,5
"336",962,970,5
"337",962,521,1
"338",962,293,3
"339",962,133,4
"340",962,77,5
"341",962,772,5
"342",394,763,4
"343",394,294,5
"344",394,53,5
"345",394,294,5
"346",1853,157,5
"347",1098,223,5
"348",1098,357,5
"349",1098,454,5
"350",1098,16,5
"351",1757,427,5
"352",1757,627,5
"353",1526,126,5
"354",1526,921,3
"355",1526,23,5
"356",2558,569,4
"357",2558,68,5
"358",1794,44,5
"359",1794,783,5
"360",389,45,5
"361",389,262,5
"362",2502,955,3
"363",2324,597,2
"364",2324,160,1
"365",1840,532,5
"366",1352,602,5
"367",1352,933,5
"368",2818,500,5
"369",1737,241,5
"370",1737,213,5
"371",1737,209,5
"372",1737,220,4
"373",2214,127,3
"374",2828,445,5
"375",2828,101,5
"376",2019,453,5
"377",2019,547,5
"378",2019,449,4
"379",190,302,5
"380",190,542,5
"381",190,553,5
"382",965,931,5
"383",965,399,4
"384",965,806,5
"385",2830,941,3
"386",2830,242,4
"387",2269,350,5
"388",2269,313,4
"389",1456,796,5
"390",1456,264,5
"391",2156,428,4
"392",2939,844,3
"393",2219,130,4
"394",664,209,5
"395",664,157,5
"396",664,797,5
"397",664,540,4
"398",2873,645,5
"399",2873,170,4
"400",1534,773,5
"401",1467,879,5
"402",1467,956,5
"403",2353,530,4
"404",2353,210,5
"405",2353,274,4
"406",532,105,3
"407",154,52,4
"408",1872,18,5
"409",1872,477,1
"410",1164,501,5
"411",1164,61,2
"412",1164,696,5
"413",2533,52,5
"414",2454,296,5
"415",2454,547,3
"416",1815,623,3
"417",1815,179,4
"418",1851,621,5
"419",1093,234,5
"420",1093,256,5
"421",1093,391,5
"422",1093,42,5
"423",1873,36,5
"424",1873,959,5
"425",769,103,5
"426",1344,347,5
"427",1344,196,5
"428",2916,813,4
"429",2916,223,5
"430",2116,180,4
"431",2116,543,5
"432",2116,12,5
"433",658,127,5
"434",658,46,4
"435",658,548,4
"436",658,889,4
"437",465,147,4
"438",465,157,5
"439",2632,577,5
"440",2538,64,5
"441",2538,482,5
"442",2538,61,1
"443",2538,212,5
"444",2538,377,5
"445",2598,308,4
"446",2598,530,4
"447",2598,757,5
"448",558,307,5
"449",2000,331,5
"450",2000,223,5
"451",566,564,4
"452",566,684,5
"453",566,526,5
"454",408,14,4
"455",408,277,5
"456",408,157,5
"457",408,657,5
"458",683,15,5
"459",1831,836,5
"460",1831,831,5
"461",1831,224,5
"462",2867,729,2
"463",2867,80,5
"464",2867,236,5
"465",2444,563,5
"466",2444,817,5
"467",1007,422,3
"468",1007,563,5
"469",1373,257,5
"470",970,15,5
"471",970,814,5
"472",970,757,5
"473",1921,363,5
"474",1157,384,5
"475",1157,889,5
"476",1989,253,5
"477",1989,437,5
"478",2089,391,5
"479",167,635,2
"480",2739,506,5
"481",1819,224,5
"482",1819,372,5
"483",1819,473,5
"484",78,402,4
"485",78,524,5
"486",760,157,5
"487",2410,157,4
"488",2410,595,1
"489",2410,248,5
"490",972,761,5
"491",972,831,3
"492",112,366,2
"493",112,171,4
"494",1732,983,4
"495",1732,116,5
"496",1732,852,5
"497",874,143,5
"498",874,327,5
"499",874,532,5
"500",874,627,5
"501",240,951,4
"502",240,313,4
"503",240,236,4
"504",899,188,5
"505",2895,363,5
"506",2895,621,5
"507",2177,615,5
"508",2177,10,5
"509",1748,358,5
"510",1748,68,5
"511",1748,5,5
"512",1135,242,5
"513",1135,245,5
"514",1135,222,5
"515",1608,846,3
"516",2390,412,5
"517",2390,567,5
"518",1670,520,5
"519",837,85,4
"520",2720,10,5
"521",1170,238,4
"522",1170,231,4
"523",1170,334,3
"524",1147,298,5
"525",2991,926,5
"526",2991,193,5
"527",2991,525,5
"528",2657,84,5
"529",2657,7,5
"530",1282,369,5
"531",1282,602,5
"532",1282,133,5
"533",2417,842,4
"534",2417,307,5
"535",1936,638,5
"536",1936,509,5
"537",526,493,5
"538",1466,780,5
"539",1466,193,5
"540",2792,145,5
"541",2792,398,5
"542",14,48,4
"543",14,394,5
"544",584,164,5
"545",584,674,5
"546",584,828,3
"547",2705,157,5
"548",2705,481,5
"549",542,335,5
"550",542,455,5
"551",542,123,5
"552",266,454,5
"553",266,5,5
"554",1885,780,5
"555",1885,146,4
"556",1885,103,5
"557",2852,193,5
"558",2085,12,5
"559",2085,18,4
"560",2085,742,5
"561",656,607,5
"562",656,577,5
"563",1206,45,5
"564",1603,730,5
"565",1312,46,5
"566",1312,789,5
"567",657,349,5
"568",657,231,5
"569",1189,699,5
"570",1189,635,4
"571",1189,280,5
"572",1189,52,5
"573",2673,573,5
"574",2673,542,5
"575",1543,645,4
"576",633,281,5
"577",633,80,5
"578",633,224,5
"579",2199,214,1
"580",2651,996,5
"581",2651,173,5
"582",2651,563,3
"583",1548,42,5
"584",1124,294,5
"585",1124,189,5
"586",439,470,5
"587",439,264,5
"588",1434,608,5
"589",1434,965,5
"590",1434,338,5
"591",1434,790,5
"592",2689,7,4
"593",2689,683,4
"594",216,960,5
"595",1899,677,5
"596",2029,761,5
"597",2029,509,5
"598",840,342,5
"599",840,269,5
"600",1738,363,5
"601",1738,224,5
"602",882,281,5
"603",725,10,5
"604",725,756,5
"605",2854,760,5
"606",158,74,4
"607",1058,261,5
"608",1058,769,5
"609",1058,530,5
"610",1058,157,4
"611",2935,193,5
"612",2220,621,5
"613",2220,147,5
"614",2563,476,4
"615",2563,525,5
"616",2589,224,5
"617",2589,236,5
"618",2589,157,4
"619",2140,52,5
"620",2140,196,5
"621",2140,36,5
"622",2140,394,5
"623",1666,428,4
"624",1666,531,4
"625",2107,994,5
"626",2107,133,5
"627",380,472,5
"628",2481,129,5
"629",2481,876,5
"630",2481,432,5
"631",1384,597,5
"632",2721,253,4
"633",2721,561,4
"634",2721,309,4
"635",2721,388,3
"636",2721,52,4
"637",2721,444,4
"638",2001,161,5
"639",452,5,5
"640",1509,7,5
"641",1509,469,5
"642",833,245,5
"643",2336,461,5
"644",619,710,5
"645",1267,157,5
"646",1267,409,5
"647",2590,122,5
"648",817,961,5
"649",817,322,5
"650",1025,817,5
"651",1025,587,5
"652",1025,23,5
"653",2647,242,5
"654",2647,313,5
"655",2647,45,5
"656",1636,42,3
"657",1636,253,5
"658",1636,10,5
"659",230,476,5
"660",2917,520,5
"661",140,266,5
"662",140,16,3
"663",2625,485,5
"664",2625,280,5
"665",856,241,5
"666",856,391,5
"667",1523,621,5
"668",61,133,4
"669",165,450,5
"670",165,817,5
"671",461,19,5
"672",461,308,5
"673",2672,214,4
"674",835,37,5
"675",2447,185,1
"676",2447,499,3
"677",2686,529,4
"678",994,157,5
"679",2467,170,5
"680",1848,10,5
"681",2090,916,1
"682",2090,253,5
"683",1881,987,5
"684",1881,77,5
"685",2327,79,3
"686",2327,933,5
"687",2327,183,5
"688",2327,576,4
"689",2189,887,5
"690",1755,366,5
"691",1755,214,5
"692",1755,5,5
"693",1755,5,5
"694",1952,816,5
"695",1952,168,4
"696",2174,456,3
"697",2174,702,5
"698",1113,63,2
"699",1113,313,5
"700",597,176,5
"701",597,177,5
"702",597,177,5
"703",2523,261,3
"704",2523,372,5
"705",2523,280,4
"706",773,264,5
"707",773,56,5
"708",773,84,3
"709",753,15,5
"710",753,34,5
"711",753,36,5
"712",1141,129,5
"713",1141,350,5
"714",1141,207,5
"715",1141,752,5
"716",251,254,5
"717",251,270,5
"718",251,474,5
"719",1511,234,5
"720",1389,253,5
"721",1389,435,4
"722",2198,725,5
"723",2198,122,5
"724",294,961,5
"725",2918,566,4
"726",2918,122,5
"727",2918,420,5
"728",620,20,5
"729",620,42,5
"730",1310,253,5
"731",1310,527,5
"732",1310,241,5
"733",761,12,5
"734",761,35,5
"735",1138,490,3
"736",1138,480,5
"737",1138,896,2
"738",767,270,5
"739",1934,189,5
"740",1934,80,5
"741",1934,831,5
"742",2265,903,5
"743",1339,223,5
"744",200,623,5
"745",1839,532,5
"746",1839,156,5
"747",1839,518,5
"748",1090,204,5
"749",1090,120,2
"750",28,196,5
"751",2064,302,1
"752",10,520,5
"753",1102,959,5
"754",1895,394,5
"755",694,358,5
"756",694,105,3
"757",1018,786,5
"758",1018,350,4
"759",1018,234,5
"760",1018,794,5
"761",1461,18,5
"762",334,567,5
"763",334,179,5
"764",334,618,5
"765",1414,3,5
"766",1414,583,5
"767",865,80,4
"768",505,364,4
"769",1912,344,5
"770",1166,120,4
"771",1166,294,3
"772",1166,432,3
"773",1586,545,5
"774",480,635,5
"775",1342,697,5
"776",1948,105,5
"777",1948,880,5
"778",2640,96,4
"779",2640,429,5
"780",2640,237,5
"781",2640,525,5
"782",1314,480,4
"783",1314,73,1
"784",1652,172,5
"785",1652,936,5
"786",2048,553,5
"787",2048,36,5
"788",2048,3,5
"789",2048,44,5
"790",2048,237,5
"791",2837,252,4
"792",2837,391,4
"793",2209,932,4
"794",2209,73,4
"795",2209,46,4
"796",1607,35,5
"797",1607,793,5
"798",1607,275,5
"799",1607,793,5
"800",1332,584,5
"801",1332,30,4
"802",2775,169,5
"803",2775,68,5
"804",2775,395,5
"805",1193,106,5
"806",1193,44,5
"807",1193,529,5
"808",974,443,5
"809",974,52,4
"810",615,669,2
"811",2057,325,5
"812",402,90,4
"813",402,963,5
"814",402,329,5
"815",2581,537,5
"816",2581,621,5
"817",2581,252,5
"818",740,313,5
"819",740,359,5
"820",740,554,5
"821",740,307,5
"822",1616,953,5
"823",1616,589,5
"824",1651,333,5
"825",1651,252,5
"826",1140,126,5
"827",1140,248,5
"828",1140,302,5
"829",1140,189,5
"830",564,583,5
"831",253,175,5
"832",253,620,5
"833",2912,208,5
"834",109,189,5
"835",1602,283,5
"836",1061,19,5
"837",1061,489,5
"838",1061,581,1
"839",168,697,5
"840",168,123,5
"841",168,129,4
"842",527,199,5
"843",392,665,4
"844",392,157,5
"845",392,646,5
"846",34,25,5
"847",34,195,2
"848",2367,235,5
"849",2367,607,5
"850",261,255,5
"851",261,652,2
"852",261,164,4
"853",261,222,5
"854",261,959,5
"855",261,500,2
"856",261,214,3
"857",1295,370,4
"858",691,587,5
"859",339,7,4
"860",271,209,1
"861",1505,519,4
"862",1505,665,5
"863",1505,269,1
"864",2406,168,4
"865",2406,5,5
"866",2617,16,5
"867",624,980,5
"868",624,476,5
"869",973,783,2
"870",2975,670,5
"871",2975,230,5
"872",561,390,4
"873",1248,65,5
"874",2313,783,3
"875",2313,222,2
"876",2724,338,5
"877",2724,452,5
"878",1322,402,5
"879",2338,227,5
"880",2560,342,5
"881",2560,707,5
"882",2560,506,5
"883",2560,62,5
"884",2303,706,5
"885",810,264,4
"886",810,129,5
"887",810,189,4
"888",810,363,5
"889",810,789,5
"890",1269,451,5
"891",1269,445,5
"892",1269,300,5
"893",1269,31,5
"894",1400,811,3
"895",1400,47,2
"896",1400,40,4
"897",2146,355,5
"898",2146,931,3
"899",2146,23,4
"900",2943,499,5
"901",2943,363,5
"902",2943,411,5
"903",2943,744,5
"904",1030,400,4
"905",1030,621,4
"906",1030,253,4
"907",1030,921,4
"908",2120,43,5
"909",2120,52,5
"910",2120,285,5
"911",2145,973,5
"912",2145,483,3
"913",809,127,4
"914",809,551,5
"915",809,976,5
"916",809,618,5
"917",1251,598,5
"918",2891,80,5
"919",2891,146,5
"920",385,161,5
"921",2262,947,5
"922",2262,697,5
"923",2511,21,5
"924",2511,768,5
"925",2971,542,2
"926",195,955,1
"927",195,42,5
"928",195,70,2
"929",2793,103,5
"930",2793,357,4
"931",1955,604,5
"932",177,445,5
"933",80,193,5
"934",80,345,5
"935",80,964,5
"936",2921,840,5
"937",2921,80,5
"938",2921,297,5
"939",2921,23,5
"940",2921,34,5
"941",1066,187,5
"942",1066,374,2
"943",1066,52,5
"944",1066,103,5
"945",1538,241,5
"946",1775,46,5
"947",1775,170,5
"948",908,11,5
"949",908,229,5
"950",2222,447,2
"951",2222,485,2
"952",2372,157,5
"953",1687,506,5
"954",1687,157,5
"955",1687,435,5
"956",1687,646,4
"957",1687,947,4
"958",698,831,5
"959",8,436,5
"960",8,411,5
"961",8,374,5
"962",8,170,5
"963",1176,378,3
"964",1485,591,3
"965",1485,902,5
"966",1485,710,5
"967",1485,84,5
"968",2578,489,4
"969",2578,903,5
"970",2620,733,1
"971",790,60,5
"972",790,43,1
"973",2314,236,5
"974",2314,68,5
"975",2468,618,5
"976",2468,100,4
"977",2841,166,1
"978",2841,212,3
"979",2841,309,2
"980",2597,212,5
"981",2597,761,5
"982",909,658,1
"983",324,285,5
"984",324,46,5
"985",590,980,1
"986",590,327,1
"987",1892,108,5
"988",1892,763,5
"989",1892,84,4
"990",2897,757,5
"991",1233,251,3
"992",1629,954,5
"993",802,35,5
"994",2224,14,4
"995",1503,760,5
"996",1503,12,5
"997",1503,573,4
"998",1035,402,5
"999",413,135,5
"1000",413,480,5
"1001",1109,233,5
"1002",2119,294,3
"1003",2119,369,5
"1004",2119,587,5
"1005",2119,359,4
"1006",2944,40,5
"1007",2300,65,5
"1008",2300,258,5
"1009",2300,206,5
"1010",2300,524,5
"1011",1095,466,5
"1012",1095,241,5
"1013",1095,105,5
"1014",1406,4,5
"1015",1406,593,5
"1016",1406,275,4
"1017",20,447,5
"1018",20,963,2
"1019",2808,363,5
"1020",2808,479,5
"1021",2808,244,3
"1022",2381,363,5
"1023",1396,281,5
"1024",1792,73,5
"1025",170,20,2
"1026",170,37,5
"1027",170,221,5
"1028",170,71,1
"1029",268,885,5
"1030",2780,168,4
"1031",2518,646,3
"1032",2518,80,5
"1033",1941,686,3
"1034",1941,281,5
"1035",1941,412,5
"1036",1941,971,5
"1037",1052,313,5
"1038",2249,101,5
"1039",1725,464,5
"1040",1725,146,4
"1041",1592,327,5
"1042",1592,105,3
"1043",2305,43,3
"1044",2053,489,5
"1045",2053,181,5
"1046",2053,170,5
"1047",2053,372,5
"1048",583,265,4
"1049",2115,66,5
"1050",2115,829,5
"1051",2115,168,5
"1052",2266,181,3
"1053",2266,5,4
"1054",1907,711,5
"1055",1907,59,5
"1056",1033,570,5
"1057",1033,49,5
"1058",1033,902,5
"1059",2422,84,5
"1060",1646,811,5
"1061",2075,189,5
"1062",2075,547,5
"1063",2075,837,5
"1064",2075,146,5
"1065",2075,206,5
"1066",2874,285,3
"1067",992,715,5
"1068",992,1,5
"1069",2833,47,4
"1070",2833,122,4
"1071",1479,529,2
"1072",1542,520,5
"1073",1542,189,5
"1074",1542,224,5
"1075",1542,42,5
"1076",2676,744,5
"1077",2676,122,4
"1078",2676,30,5
"1079",2069,398,5
"1080",2069,322,5
"1081",1727,142,5
"1082",237,455,4
"1083",1329,7,3
"1084",1329,559,4
"1085",234,139,5
"1086",234,326,5
"1087",350,408,3
"1088",1803,172,5
"1089",1803,940,5
"1090",1803,68,5
"1091",1584,221,4
"1092",1584,505,3
"1093",1584,730,5
"1094",2271,48,5
"1095",289,180,5
"1096",289,613,4
"1097",289,113,5
"1098",21,577,5
"1099",1571,236,5
"1100",1458,65,5
"1101",1458,5,5
"1102",1458,383,5
"1103",1540,393,5
"1104",1540,236,5
"1105",2884,218,1
"1106",2884,153,5
"1107",2884,939,1
"1108",823,139,5
"1109",2949,120,5
"1110",2949,886,5
"1111",2180,474,5
"1112",2180,947,5
"1113",2274,532,5
"1114",2274,811,5
"1115",2713,10,3
"1116",2713,327,5
"1117",1345,37,5
"1118",2770,722,5
"1119",1805,412,5
"1120",1805,142,5
"1121",1805,224,4
"1122",2712,114,5
"1123",2712,524,5
"1124",2712,222,5
"1125",62,564,5
"1126",62,93,5
"1127",327,363,5
"1128",327,5,5
"1129",315,520,4
"1130",315,276,2
"1131",315,332,5
"1132",315,73,5
"1133",315,487,4
"1134",1781,390,4
"1135",1781,238,4
"1136",2072,135,4
"1137",2072,994,4
"1138",2072,249,4
"1139",2072,889,4
"1140",2072,344,4
"1141",260,174,3
"1142",260,561,5
"1143",260,991,5
"1144",483,394,5
"1145",1256,751,5
"1146",2850,391,5
"1147",2850,140,5
"1148",2850,363,5
"1149",2850,254,5
"1150",2850,458,5
"1151",2850,52,5
"1152",846,80,5
"1153",2974,584,1
"1154",2974,363,5
"1155",2974,458,5
"1156",1521,648,5
"1157",662,454,5
"1158",1950,444,5
"1159",1950,449,2
"1160",1506,508,5
"1161",1506,297,4
"1162",1506,795,1
"1163",1506,126,5
"1164",2931,210,5
"1165",2332,281,5
"1166",1575,515,5
"1167",1575,298,5
"1168",1288,60,4
"1169",1386,771,3
"1170",1386,96,5
"1171",1386,688,4
"1172",400,595,5
"1173",400,671,5
"1174",400,193,5
"1175",627,237,5
"1176",100,177,1
"1177",100,37,5
"1178",1114,305,4
"1179",1114,457,3
"1180",1114,519,3
"1181",1114,485,4
"1182",1114,176,4
"1183",488,820,5
"1184",488,289,5
"1185",488,744,5
"1186",1309,164,5
"1187",1309,350,5
"1188",283,157,5
"1189",283,611,5
"1190",628,671,5
"1191",39,520,5
"1192",39,157,5
"1193",39,455,5
"1194",39,588,5
"1195",2351,514,1
"1196",2351,181,2
"1197",758,25,5
"1198",758,234,5
"1199",758,767,4
"1200",287,241,5
"1201",2491,108,5
"1202",2491,789,4
"1203",1241,652,5
"1204",1241,406,5
"1205",299,137,5
"1206",2913,799,5
"1207",2913,109,5
"1208",2432,565,5
"1209",2432,529,5
"1210",591,5,3
"1211",591,19,3
"1212",591,232,5
"1213",591,7,4
"1214",591,776,4
"1215",841,758,4
"1216",1188,272,5
"1217",1188,741,2
"1218",1478,641,3
"1219",1478,903,5
"1220",222,193,5
"1221",222,294,5
"1222",222,634,4
"1223",222,378,5
"1224",222,823,5
"1225",1395,117,5
"1226",1395,121,5
"1227",1395,133,4
"1228",2144,65,2
"1229",2144,297,1
"1230",2241,774,5
"1231",2100,792,5
"1232",1665,457,1
"1233",1665,455,5
"1234",1665,52,4
"1235",653,3,4
"1236",653,506,4
"1237",653,790,5
"1238",2892,577,5
"1239",2892,315,5
"1240",1001,11,5
"1241",1001,159,5
"1242",2489,157,5
"1243",2489,80,5
"1244",1473,853,5
"1245",1708,486,5
"1246",1708,450,5
"1247",1708,526,4
"1248",1708,6,3
"1249",2492,427,2
"1250",2492,483,5
"1251",2492,890,3
"1252",2492,207,3
"1253",2492,431,5
"1254",707,241,5
"1255",707,291,5
"1256",707,395,4
"1257",2242,252,5
"1258",2242,517,5
"1259",1265,471,5
"1260",1265,168,4
"1261",125,246,5
"1262",2513,171,5
"1263",2211,467,5
"1264",2211,129,5
"1265",2211,714,5
"1266",2211,671,5
"1267",861,637,3
"1268",800,390,5
"1269",800,431,5
"1270",2464,844,3
"1271",2464,390,4
"1272",2464,105,4
"1273",2464,10,4
"1274",815,355,4
"1275",815,596,2
"1276",257,19,5
"1277",257,936,5
"1278",847,137,5
"1279",847,335,5
"1280",1988,713,5
"1281",2337,563,5
"1282",2337,399,5
"1283",510,225,5
"1284",510,10,5
"1285",2806,266,3
"1286",155,80,5
"1287",155,971,5
"1288",1068,294,4
"1289",722,112,5
"1290",722,237,5
"1291",722,363,5
"1292",722,53,5
"1293",722,976,5
"1294",1865,52,5
"1295",1865,669,3
"1296",1328,44,5
"1297",1328,890,5
"1298",545,670,5
"1299",1686,65,5
"1300",1488,15,5
"1301",135,841,4
"1302",135,16,4
"1303",306,355,5
"1304",306,144,5
"1305",221,973,5
"1306",775,180,5
"1307",775,214,5
"1308",775,302,5
"1309",775,925,5
"1310",775,255,5
"1311",775,4,5
"1312",2642,602,5
"1313",2642,129,5
"1314",2642,189,5
"1315",1816,994,5
"1316",1816,965,5
"1317",1330,506,5
"1318",1330,212,3
"1319",1330,2,4
"1320",2385,118,5
"1321",2385,500,5
"1322",2938,255,5
"1323",2938,556,5
"1324",2938,563,5
"1325",1657,522,5
"1326",1657,228,5
"1327",2559,660,4
"1328",220,222,5
"1329",220,19,5
"1330",1822,687,1
"1331",1822,177,5
"1332",1822,907,5
"1333",607,98,5
"1334",1076,5,5
"1335",2540,329,5
"1336",2540,108,5
"1337",2540,301,5
"1338",2540,133,4
"1339",611,704,5
"1340",611,391,5
"1341",611,621,5
"1342",1854,80,3
"1343",1854,157,5
"1344",2787,388,5
"1345",2787,828,5
"1346",2787,458,5
"1347",2787,181,5
"1348",2088,285,4
"1349",1613,166,5
"1350",1613,51,5
"1351",1504,23,5
"1352",1504,897,3
"1353",1504,433,5
"1354",1504,44,5
"1355",943,369,5
"1356",943,616,5
"1357",943,496,5
"1358",943,241,5
"1359",1728,9,5
"1360",1728,493,4
"1361",2697,7,5
"1362",2697,449,5
"1363",2697,777,5
"1364",522,3,5
"1365",522,739,5
"1366",689,466,4
"1367",689,686,4
"1368",278,96,5
"1369",278,125,5
"1370",642,780,5
"1371",642,376,5
"1372",642,635,4
"1373",2127,29,4
"1374",2127,571,5
"1375",2127,23,4
"1376",2127,436,2
"1377",1348,52,5
"1378",1348,422,5
"1379",2020,984,5
"1380",2796,19,5
"1381",2796,15,5
"1382",2134,370,3
"1383",2134,158,5
"1384",2134,37,5
"1385",504,77,5
"1386",504,193,5
"1387",504,242,5
"1388",44,188,5
"1389",44,724,5
"1390",44,697,5
"1391",682,168,3
"1392",682,46,4
"1393",2230,410,4
"1394",2230,757,2
"1395",2230,123,2
"1396",883,19,5
"1397",2743,756,5
"1398",2882,181,5
"1399",2882,84,5
"1400",2882,215,3
"1401",2925,110,5
"1402",2925,541,4
"1403",2925,618,5
"1404",2925,561,5
"1405",1346,672,5
"1406",2507,11,5
"1407",2507,59,5
"1408",2507,398,5
"1409",2507,96,5
"1410",2507,921,5
"1411",2507,305,5
"1412",2507,391,5
"1413",2507,991,5
"1414",684,300,3
"1415",1472,1,2
"1416",1472,368,5
"1417",103,183,5
"1418",462,133,4
"1419",1172,811,5
"1420",2301,167,5
"1421",2301,635,5
"1422",2278,468,5
"1423",2278,454,5
"1424",2278,541,2
"1425",2278,45,5
"1426",1797,384,5
"1427",696,820,5
"1428",696,84,5
"1429",2644,803,5
"1430",2644,876,5
"1431",2644,489,5
"1432",1712,516,4
"1433",2549,281,5
"1434",759,782,3
"1435",759,536,4
"1436",1689,350,5
"1437",1364,872,4
"1438",1143,350,4
"1439",1855,123,5
"1440",1855,750,4
"1441",1855,262,4
"1442",774,354,4
"1443",27,435,3
"1444",2462,610,3
"1445",1387,783,2
"1446",1387,98,5
"1447",224,336,5
"1448",224,664,5
"1449",224,291,5
"1450",224,52,5
"1451",1682,404,4
"1452",1682,915,3
"1453",594,157,5
"1454",594,677,5
"1455",594,77,5
"1456",235,70,5
"1457",219,366,2
"1458",1635,1,5
"1459",1635,96,5
"1460",1635,227,5
"1461",1086,849,5
"1462",95,253,5
"1463",305,645,5
"1464",305,957,4
"1465",1650,133,5
"1466",1650,80,5
"1467",1650,73,5
"1468",1650,378,5
"1469",2814,633,5
"1470",262,469,5
"1471",262,452,5
"1472",262,740,5
"1473",108,453,4
"1474",108,248,4
"1475",108,225,4
"1476",2890,224,4
"1477",2890,471,4
"1478",529,274,5
"1479",529,618,3
"1480",529,463,4
"1481",911,515,3
"1482",911,597,3
"1483",2929,20,4
"1484",2653,219,5
"1485",541,98,5
"1486",541,53,5
"1487",713,265,1
"1488",713,253,5
"1489",713,45,5
"1490",2176,524,5
"1491",2881,126,5
"1492",2881,445,5
"1493",2881,122,5
"1494",47,264,5
"1495",1622,313,5
"1496",1622,550,5
"1497",2738,245,5
"1498",1263,530,5
"1499",157,744,3
"1500",157,54,5
"1501",2709,140,5
"1502",2851,463,4
"1503",2851,269,4
"1504",2809,2,4
"1505",273,272,4
"1506",273,702,4
"1507",714,254,5
"1508",714,344,5
"1509",714,421,5
"1510",91,65,4
"1511",91,378,4
"1512",1971,22,1
"1513",2928,260,5
"1514",2928,705,5
"1515",2928,98,5
"1516",2885,500,5
"1517",888,843,4
"1518",473,71,4
"1519",2791,1,4
"1520",2791,321,3
"1521",2791,62,5
"1522",667,52,5
"1523",667,266,5
"1524",232,18,3
"1525",232,474,4
"1526",700,840,5
"1527",2255,11,1
"1528",2255,788,3
"1529",2255,744,4
"1530",137,47,5
"1531",1106,696,5
"1532",1106,133,4
"1533",336,711,3
"1534",336,683,4
"1535",336,683,4
"1536",236,7,4
"1537",471,135,5
"1538",471,467,5
"1539",2504,817,5
"1540",396,16,5
"1541",396,10,5
"1542",396,554,5
"1543",1638,688,5
"1544",1638,389,4
"1545",2805,458,5
"1546",2805,5,5
"1547",453,14,5
"1548",2471,122,5
"1549",1411,285,5
"1550",851,250,4
"1551",851,903,5
"1552",58,72,5
"1553",58,775,5
"1554",58,211,5
"1555",58,159,5
"1556",860,52,4
"1557",312,953,5
"1558",312,429,5
"1559",312,34,5
"1560",312,105,5
"1561",52,398,5
"1562",52,10,5
"1563",360,644,5
"1564",360,94,4
"1565",360,268,5
"1566",281,115,3
"1567",281,474,5
"1568",281,52,5
"1569",1413,422,5
"1570",1223,140,5
"1571",1223,345,5
"1572",1223,271,2
"1573",1223,648,5
"1574",1223,170,5
"1575",1223,276,5
"1576",1844,531,4
"1577",665,252,5
"1578",2872,657,5
"1579",2872,205,5
"1580",66,209,5
"1581",66,872,5
"1582",629,627,5
"1583",629,450,5
"1584",629,611,5
"1585",433,619,3
"1586",433,157,5
"1587",720,131,5
"1588",720,69,5
"1589",720,161,5
"1590",720,639,3
"1591",720,359,5
"1592",720,541,5
"1593",720,363,5
"1594",720,283,5
"1595",720,252,5
"1596",1449,160,5
"1597",1014,109,3
"1598",1476,558,5
"1599",2548,452,5
"1600",2633,25,5
"1601",2110,241,4
"1602",2110,428,4
"1603",1763,561,5
"1604",1763,366,3
"1605",1129,683,5
"1606",1129,224,3
"1607",424,744,5
"1608",557,109,5
"1609",557,12,5
"1610",2190,692,1
"1611",2190,283,5
"1612",2190,37,5
"1613",2147,788,5
"1614",1713,363,5
"1615",2547,138,5
"1616",92,363,5
"1617",92,976,5
"1618",92,47,5
"1619",92,686,5
"1620",226,661,5
"1621",226,100,4
"1622",1180,489,5
"1623",1180,51,5
"1624",1292,133,4
"1625",1292,133,5
"1626",1292,170,5
"1627",1292,159,5
"1628",1958,252,5
"1629",1908,828,5
"1630",1561,411,5
"1631",1561,168,5
"1632",1561,5,5
"1633",1561,286,5
"1634",741,926,5
"1635",741,602,5
"1636",741,926,5
"1637",2112,369,5
"1638",2592,959,5
"1639",2592,319,5
"1640",377,46,1
"1641",377,949,4
"1642",377,390,5
"1643",2998,49,5
"1644",2998,241,5
"1645",2130,696,5
"1646",2038,530,5
"1647",2038,109,5
"1648",2316,181,5
"1649",2316,284,5
"1650",2306,253,5
"1651",2306,283,5
"1652",2306,783,5
"1653",2306,101,5
"1654",2016,44,2
"1655",2016,225,5
"1656",2016,225,5
"1657",2150,732,4
"1658",2150,432,5
"1659",2150,807,5
"1660",2150,909,5
"1661",2150,597,5
"1662",1669,794,5
"1663",1669,29,5
"1664",1669,794,5
"1665",1669,196,5
"1666",1224,711,5
"1667",1224,57,5
"1668",1224,95,5
"1669",1224,844,5
"1670",1306,233,5
"1671",1306,184,5
"1672",2071,11,1
"1673",2342,487,5
"1674",927,164,5
"1675",927,826,5
"1676",927,327,5
"1677",7,825,5
"1678",7,84,5
"1679",868,7,5
"1680",868,878,5
"1681",868,280,5
"1682",868,10,5
"1683",887,297,5
"1684",2512,358,3
"1685",2512,787,5
"1686",2512,733,5
"1687",2512,493,5
"1688",1721,21,5
"1689",2374,127,3
"1690",2887,215,5
"1691",2887,148,3
"1692",2658,973,1
"1693",1933,643,5
"1694",1933,393,5
"1695",1933,701,5
"1696",1131,196,5
"1697",1131,90,5
"1698",379,761,5
"1699",379,133,5
"1700",921,746,5
"1701",921,940,5
"1702",921,209,4
"1703",2287,245,5
"1704",2733,331,5
"1705",2733,159,4
"1706",2733,983,5
"1707",1299,20,5
"1708",1299,12,5
"1709",980,242,5
"1710",980,621,5
"1711",980,840,5
"1712",2688,686,4
"1713",2688,146,2
"1714",1047,48,5
"1715",1047,47,5
"1716",2599,767,5
"1717",822,925,5
"1718",822,174,2
"1719",822,214,5
"1720",822,730,2
"1721",1187,430,5
"1722",9,429,5
"1723",673,502,5
"1724",673,648,2
"1725",673,113,5
"1726",1821,379,5
"1727",2906,859,5
"1728",2906,409,5
"1729",1517,125,4
"1730",2871,701,5
"1731",2871,807,5
"1732",1801,110,5
"1733",1801,389,2
"1734",2388,191,2
"1735",2388,253,5
"1736",2388,389,4
"1737",1567,816,1
"1738",2359,249,4
"1739",2915,452,5
"1740",2551,126,5
"1741",2551,98,5
"1742",2551,928,5
"1743",2311,78,5
"1744",1923,406,5
"1745",1923,604,5
"1746",1593,412,5
"1747",1552,70,5
"1748",1552,352,2
"1749",831,142,5
"1750",831,350,4
"1751",831,811,5
"1752",245,880,5
"1753",2475,736,5
"1754",2475,181,5
"1755",2475,844,5
"1756",2475,653,5
"1757",1260,957,5
"1758",1260,926,3
"1759",2634,2,5
"1760",2634,101,5
"1761",2842,679,5
"1762",2842,756,5
"1763",1898,7,5
"1764",1871,103,5
"1765",1871,196,5
"1766",2386,638,5
"1767",423,283,5
"1768",384,85,1
"1769",384,108,5
"1770",2037,789,5
"1771",2037,269,5
"1772",903,684,5
"1773",903,252,5
"1774",459,64,2
"1775",459,390,5
"1776",459,276,5
"1777",459,133,5
"1778",459,236,5
"1779",869,281,5
"1780",801,509,5
"1781",686,113,5
"1782",686,701,5
"1783",917,350,5
"1784",917,157,5
"1785",2087,291,5
"1786",1850,715,5
"1787",2613,427,5
"1788",2613,719,5
"1789",447,608,5
"1790",447,789,5
"1791",37,225,5
"1792",2446,671,5
"1793",2446,763,5
"1794",2340,146,4
"1795",2340,48,5
"1796",2340,291,5
"1797",2340,46,3
"1798",1150,236,4
"1799",1150,724,4
"1800",1150,724,4
"1801",280,133,5
"1802",280,509,5
"1803",280,378,5
"1804",1579,544,3
"1805",2727,157,5
"1806",163,561,5
"1807",302,412,5
"1808",302,951,5
"1809",509,170,5
"1810",509,491,5
"1811",509,771,5
"1812",509,880,5
"1813",1891,266,4
"1814",1891,657,3
"1815",904,48,5
"1816",904,48,5
"1817",1788,344,5
"1818",1788,464,5
"1819",1368,124,5
"1820",1015,258,5
"1821",1160,359,4
"1822",1160,228,5
"1823",1083,664,5
"1824",1083,16,1
"1825",2098,714,5
"1826",2098,774,5
"1827",2098,750,5
"1828",674,193,5
"1829",30,16,1
"1830",30,327,5
"1831",2969,312,4
"1832",2969,635,5
"1833",323,449,5
"1834",2704,25,1
"1835",138,161,2
"1836",1410,52,5
"1837",1410,67,5
"1838",1410,294,5
"1839",1905,255,5
"1840",1042,11,5
"1841",1042,336,5
"1842",1042,275,4
"1843",1606,514,3
"1844",2433,757,4
"1845",2092,16,5
"1846",346,531,4
"1847",346,761,5
"1848",346,245,5
"1849",346,189,5
"1850",346,509,5
"1851",2731,291,4
"1852",2731,701,4
"1853",1424,623,5
"1854",1424,282,5
"1855",1424,189,5
"1856",455,16,3
"1857",1385,461,4
"1858",1385,127,5
"1859",1385,66,5
"1860",1302,65,4
"1861",1302,359,4
"1862",1875,110,5
"1863",1034,112,5
"1864",1034,566,5
"1865",1034,927,5
"1866",1498,4,4
"1867",1498,474,4
"1868",2529,98,5
"1869",853,473,5
"1870",853,701,5
"1871",853,40,1
"1872",2859,52,5
"1873",2429,463,5
"1874",1362,172,5
"1875",2228,64,5
"1876",2228,514,5
"1877",1429,94,5
"1878",578,204,5
"1879",530,811,5
"1880",530,319,5
"1881",530,215,5
"1882",530,45,5
"1883",931,103,5
"1884",1062,473,5
"1885",2251,188,2
"1886",2420,80,5
"1887",2449,7,5
"1888",2449,285,5
"1889",2449,20,5
"1890",2604,691,5
"1891",2604,224,5
"1892",2604,926,5
"1893",2604,193,5
"1894",2668,474,5
"1895",2149,646,5
"1896",2149,419,5
"1897",2522,224,5
"1898",901,71,5
"1899",901,335,5
"1900",1983,52,5
"1901",1983,764,5
"1902",1983,530,5
"1903",2694,434,5
"1904",2694,40,5
"1905",2992,467,4
"1906",2992,561,5
"1907",609,366,5
"1908",609,483,1
"1909",2932,353,5
"1910",2932,99,1
"1911",1246,947,5
"1912",2954,239,5
"1913",2954,225,2
"1914",2954,688,5
"1915",2758,122,5
"1916",2758,359,5
"1917",111,467,3
"1918",111,283,1
"1919",551,522,1
"1920",551,103,4
"1921",551,338,4
"1922",551,242,1
"1923",1155,12,5
"1924",1155,505,4
"1925",1155,575,5
"1926",637,298,5
"1927",816,271,5
"1928",816,357,4
"1929",2740,91,4
"1930",2169,817,5
"1931",2169,266,5
"1932",889,72,4
"1933",889,777,5
"1934",2252,194,5
"1935",2252,341,5
"1936",2710,859,5
"1937",2319,228,5
"1938",2319,416,5
"1939",210,435,5
"1940",210,829,5
"1941",210,8,5
"1942",2234,142,5
"1943",2896,536,5
"1944",2896,2,5
"1945",1301,43,4
"1946",2926,741,5
"1947",264,25,5
"1948",264,511,5
"1949",331,133,5
"1950",331,191,5
"1951",1158,146,3
"1952",2666,364,4
"1953",2666,783,5
"1954",88,100,5
"1955",1598,773,5
"1956",1598,467,5
"1957",1067,84,5
"1958",475,902,5
"1959",475,170,4
"1960",475,344,4
"1961",475,344,4
"1962",475,213,4
"1963",2028,470,2
"1964",2028,668,5
"1965",2480,397,4
"1966",2104,6,5
"1967",2104,589,5
"1968",1969,6,5
"1969",1969,35,5
"1970",2277,223,5
"1971",2277,227,1
"1972",2277,106,5
"1973",2277,549,5
"1974",2277,973,5
"1975",2277,2,5
"1976",549,479,5
"1977",549,461,5
"1978",399,571,5
"1979",1925,56,5
"1980",1888,269,5
"1981",1888,244,4
"1982",63,223,5
"1983",63,234,5
"1984",63,178,5
"1985",63,530,5
"1986",63,292,4
"1987",2900,101,5
"1988",2900,257,5
"1989",2900,180,5
"1990",2782,842,4
"1991",2782,89,5
"1992",1673,463,5
"1993",1673,30,5
"1994",1673,81,5
"1995",1673,4,5
"1996",1673,690,5
"1997",1673,836,5
"1998",2526,22,5
"1999",2526,10,5
"2000",1484,572,5
"2001",1582,947,5
"2002",2181,204,4
"2003",1852,378,5
"2004",1569,85,5
"2005",1995,102,5
"2006",1995,416,5
"2007",1995,619,4
"2008",1995,5,5
"2009",1023,197,5
"2010",1518,997,5
"2011",1518,100,3
"2012",1518,99,5
"2013",1796,399,1
"2014",2452,237,5
"2015",42,5,5
"2016",42,277,5
"2017",42,299,5
"2018",42,597,5
"2019",640,844,4
"2020",640,610,5
"2021",912,644,5
"2022",1962,705,5
"2023",1962,327,5
"2024",1962,499,2
"2025",204,677,5
"2026",204,338,5
"2027",204,10,5
"2028",2576,185,5
"2029",2576,893,5
"2030",2576,69,5
"2031",2576,880,5
"2032",1628,744,5
"2033",1628,174,5
"2034",913,1,5
"2035",913,69,5
"2036",320,133,5
"2037",320,697,5
"2038",213,520,1
"2039",213,610,4
"2040",213,170,5
"2041",1868,223,5
"2042",1868,554,5
"2043",1856,435,5
"2044",2786,241,4
"2045",2786,571,5
"2046",2786,844,3
"2047",1214,157,5
"2048",1214,332,5
"2049",1209,498,5
"2050",1209,273,5
"2051",1209,634,5
"2052",1012,129,5
"2053",914,5,5
"2054",1183,172,4
"2055",1183,523,3
"2056",1183,223,4
"2057",1365,284,5
"2058",891,472,5
"2059",300,36,5
"2060",600,975,4
"2061",2400,845,5
"2062",2400,707,5
"2063",2400,106,5
"2064",2400,431,5
"2065",2400,281,5
"2066",2400,471,5
"2067",233,483,5
"2068",233,244,4
"2069",1528,338,5
"2070",1528,686,5
"2071",1004,30,5
"2072",1004,234,5
"2073",1004,166,5
"2074",2580,745,5
"2075",2580,843,5
"2076",2762,2,5
"2077",2762,838,5
"2078",929,324,5
"2079",2722,257,5
"2080",2722,353,5
"2081",2722,435,5
"2082",2344,730,4
"2083",2344,5,5
"2084",2344,5,5
"2085",2382,241,5
"2086",2382,294,5
"2087",2909,124,5
"2088",2909,46,5
"2089",2909,133,5
"2090",2058,46,2
"2091",2058,290,5
"2092",1487,763,5
"2093",1487,80,5
"2094",1830,923,5
"2095",1830,372,5
"2096",1830,7,5
"2097",1877,180,5
"2098",2197,6,5
"2099",2197,445,4
"2100",2197,5,4
"2101",2197,412,5
"2102",2959,357,1
"2103",2959,929,5
"2104",924,735,4
"2105",924,106,5
"2106",924,22,5
"2107",196,511,5
"2108",1589,767,5
"2109",1589,317,5
"2110",410,259,5
"2111",2596,6,5
"2112",2596,174,5
"2113",2596,618,5
"2114",2061,143,5
"2115",2365,181,5
"2116",2365,636,5
"2117",2118,461,5
"2118",1175,43,5
"2119",1175,40,5
"2120",2339,692,5
"2121",2339,618,5
"2122",2853,183,5
"2123",2853,322,5
"2124",2853,893,5
"2125",2435,254,3
"2126",2435,283,4
"2127",2435,781,4
"2128",2080,561,5
"2129",1486,919,5
"2130",1486,618,5
"2131",1486,112,5
"2132",1486,893,5
"2133",160,919,5
"2134",160,619,5
"2135",1536,849,5
"2136",311,179,5
"2137",311,303,4
"2138",311,252,4
"2139",311,359,5
"2140",2237,104,5
"2141",2333,101,4
"2142",2333,157,5
"2143",2333,926,5
"2144",1833,161,5
"2145",1833,257,5
"2146",975,292,5
"2147",975,534,5
"2148",975,926,5
"2149",2629,102,5
"2150",2629,44,5
"2151",2629,454,5
"2152",468,522,5
"2153",2152,761,3
"2154",1762,3,5
"2155",1762,639,5
"2156",1762,244,3
"2157",1508,44,5
"2158",1667,649,4
"2159",1667,472,4
"2160",1325,659,5
"2161",1325,437,5
"2162",920,953,5
"2163",920,780,5
"2164",2187,30,3
"2165",2187,908,5
"2166",870,412,5
"2167",568,44,5
"2168",2486,52,3
"2169",2486,605,5
"2170",2486,31,5
"2171",2486,44,5
"2172",2478,196,5
"2173",2478,874,5
"2174",2478,185,5
"2175",954,587,5
"2176",954,50,1
"2177",2736,341,5
"2178",2736,772,5
"2179",1438,378,5
"2180",297,16,5
"2181",1884,44,5
"2182",2021,104,4
"2183",2021,436,5
"2184",1804,298,5
"2185",450,886,5
"2186",450,254,5
"2187",450,244,5
"2188",151,446,5
"2189",151,114,5
"2190",1049,181,4
"2191",2167,696,5
"2192",2167,101,5
"2193",2167,47,5
"2194",2167,40,5
"2195",2401,769,5
"2196",2401,722,5
"2197",1716,511,5
"2198",1046,44,2
"2199",1046,906,5
"2200",934,362,5
"2201",934,221,5
"2202",963,480,5
"2203",2315,77,1
"2204",2315,123,5
"2205",625,668,5
"2206",880,919,3
"2207",2293,78,5
"2208",2293,711,5
"2209",2293,179,5
"2210",2293,180,5
"2211",2293,101,5
"2212",2293,30,5
"2213",2293,783,4
"2214",2293,561,5
"2215",2293,283,5
"2216",2293,269,5
"2217",2113,781,4
"2218",2113,140,3
"2219",1452,561,5
"2220",524,527,4
"2221",1144,692,1
"2222",1144,919,5
"2223",381,525,5
"2224",982,377,5
"2225",982,676,5
"2226",2247,129,4
"2227",1092,463,5
"2228",983,814,5
"2229",983,844,5
"2230",1565,627,4
"2231",1565,712,4
"2232",1565,62,4
"2233",1565,48,4
"2234",1565,48,4
"2235",2963,383,5
"2236",2963,405,4
"2237",2963,277,5
"2238",2056,127,5
"2239",2056,571,5
"2240",859,452,5
"2241",859,820,5
"2242",717,454,5
"2243",717,957,5
"2244",17,619,5
"2245",1568,106,4
"2246",1568,209,5
"2247",1568,94,5
"2248",2829,477,5
"2249",2829,165,1
"2250",1784,963,5
"2251",451,520,5
"2252",451,294,5
"2253",1720,104,5
"2254",819,980,5
"2255",819,19,3
"2256",132,266,2
"2257",132,735,3
"2258",2334,523,5
"2259",1963,384,5
"2260",2690,48,4
"2261",1218,127,5
"2262",1218,430,5
"2263",1218,307,5
"2264",1662,19,4
"2265",1662,98,4
"2266",1662,48,5
"2267",940,297,1
"2268",162,135,5
"2269",162,277,5
"2270",162,814,4
"2271",2630,458,4
"2272",2473,386,4
"2273",1729,52,5
"2274",1729,391,5
"2275",1729,139,5
"2276",1729,105,5
"2277",1729,269,5
"2278",1656,123,5
"2279",554,183,5
"2280",76,629,5
"2281",76,520,5
"2282",76,73,5
"2283",2179,137,1
"2284",2553,834,4
"2285",2553,5,4
"2286",2067,225,5
"2287",93,1000,5
"2288",93,553,2
"2289",2920,281,5
"2290",634,5,3
"2291",634,650,5
"2292",1038,584,3
"2293",1038,254,3
"2294",791,233,5
"2295",791,18,5
"2296",1291,895,1
"2297",1291,338,4
"2298",956,623,4
"2299",956,15,5
"2300",1005,588,5
"2301",1005,520,5
"2302",1857,133,5
"2303",1857,487,5
"2304",1857,73,4
"2305",1857,294,3
"2306",825,193,5
"2307",2650,957,5
"2308",2650,285,5
"2309",2650,957,5
"2310",2650,59,5
"2311",2650,851,5
"2312",2905,28,5
"2313",2905,829,4
"2314",2905,744,5
"2315",1661,369,5
"2316",1661,727,5
"2317",1661,506,5
"2318",1661,241,5
"2319",1661,378,5
"2320",1661,133,4
"2321",1661,760,5
"2322",1661,696,5
"2323",1661,761,5
"2324",1661,412,5
"2325",1204,456,5
"2326",1204,40,5
"2327",1204,803,5
"2328",1375,10,5
"2329",1375,520,5
"2330",2602,508,5
"2331",1313,35,5
"2332",2320,167,4
"2333",2320,898,5
"2334",829,120,4
"2335",829,52,5
"2336",2421,3,5
"2337",2421,248,5
"2338",2421,576,5
"2339",2421,72,5
"2340",2430,133,5
"2341",2430,350,5
"2342",2430,560,5
"2343",18,880,5
"2344",1071,524,5
"2345",1071,587,5
"2346",1379,611,5
"2347",1379,432,5
"2348",2763,771,5
"2349",2763,14,5
"2350",2036,84,1
"2351",1692,5,5
"2352",2239,458,4
"2353",2239,46,4
"2354",2239,532,5
"2355",2239,147,4
"2356",2239,56,4
"2357",1741,450,5
"2358",1741,282,2
"2359",1741,615,5
"2360",1741,136,5
"2361",390,789,5
"2362",307,15,5
"2363",307,395,5
"2364",307,358,5
"2365",2258,231,5
"2366",2258,725,4
"2367",2258,254,5
"2368",116,262,5
"2369",2469,428,5
"2370",2469,343,5
"2371",2747,621,5
"2372",2747,147,4
"2373",2747,237,5
"2374",2747,237,5
"2375",2747,252,5
"2376",364,189,5
"2377",1089,900,5
"2378",900,54,5
"2379",498,168,5
"2380",2097,226,4
"2381",2097,179,5
"2382",2097,553,4
"2383",2097,45,5
"2384",616,466,5
"2385",616,224,5
"2386",616,236,5
"2387",2158,378,2
"2388",2158,384,5
"2389",2158,786,2
"2390",2254,183,4
"2391",2254,468,2
"2392",1615,196,5
"2393",1615,756,5
"2394",699,707,5
"2395",699,220,5
"2396",2054,179,5
"2397",1981,744,5
"2398",1981,783,5
"2399",638,417,5
"2400",2288,204,5
"2401",2288,588,5
"2402",2288,189,5
"2403",2288,80,5
"2404",40,158,5
"2405",1285,236,5
"2406",2402,50,5
"2407",2402,12,5
"2408",2402,60,5
"2409",2117,96,5
"2410",2117,270,5
"2411",907,699,5
"2412",985,90,5
"2413",5,800,1
"2414",5,612,1
"2415",2571,957,1
"2416",2571,224,5
"2417",2571,250,5
"2418",2571,14,5
"2419",2361,126,1
"2420",2361,12,5
"2421",2361,530,5
"2422",2361,455,1
"2423",2361,509,5
"2424",560,377,1
"2425",1026,264,4
"2426",1026,711,4
"2427",1026,55,4
"2428",1026,56,5
"2429",1799,48,5
"2430",1799,363,5
"2431",2813,280,5
"2432",1574,455,5
"2433",1574,638,5
"2434",514,374,3
"2435",514,65,5
"2436",514,30,4
"2437",514,976,3
"2438",1356,71,5
"2439",1356,664,5
"2440",1356,42,2
"2441",1356,127,5
"2442",1356,708,5
"2443",1356,633,5
"2444",2477,209,5
"2445",1179,683,5
"2446",2482,652,5
"2447",2482,466,5
"2448",1500,341,5
"2449",1500,453,5
"2450",1791,66,5
"2451",1791,789,5
"2452",2635,449,5
"2453",437,353,5
"2454",437,890,5
"2455",2387,847,5
"2456",2387,609,5
"2457",2387,66,5
"2458",1133,126,5
"2459",1133,62,5
"2460",1133,419,5
"2461",1133,46,5
"2462",1079,304,3
"2463",1079,327,4
"2464",2622,137,5
"2465",2744,589,4
"2466",2744,73,4
"2467",1099,15,3
"2468",1099,96,5
"2469",747,489,5
"2470",358,159,5
"2471",101,509,5
"2472",101,908,5
"2473",1003,23,5
"2474",1842,898,5
"2475",495,253,5
"2476",1777,22,5
"2477",1777,66,5
"2478",1777,69,5
"2479",1563,157,5
"2480",1563,5,5
"2481",1563,204,5
"2482",2397,398,5
"2483",2397,7,5
"2484",2516,66,5
"2485",2761,357,5
"2486",1878,378,5
"2487",1807,398,5
"2488",1807,416,5
"2489",1807,915,5
"2490",811,299,5
"2491",1421,245,5
"2492",201,66,5
"2493",201,946,4
"2494",1813,866,4
"2495",1813,596,4
"2496",1874,46,5
"2497",1874,46,5
"2498",1874,267,3
"2499",1874,694,4
"2500",1726,259,5
"2501",1726,413,5
"2502",407,991,5
"2503",407,241,5
"2504",2680,220,5
"2505",469,11,5
"2506",469,16,5
"2507",469,103,5
"2508",556,372,4
"2509",1867,210,5
"2510",1867,606,5
"2511",1867,599,5
"2512",2441,29,5
"2513",2719,124,5
"2514",2719,112,5
"2515",2719,540,5
"2516",2719,239,4
"2517",2221,294,5
"2518",2221,253,5
"2519",1770,691,1
"2520",2490,245,5
"2521",2490,123,5
"2522",426,374,2
"2523",426,214,5
"2524",426,554,5
"2525",2084,181,5
"2526",2084,900,5
"2527",517,275,5
"2528",517,303,5
"2529",517,250,4
"2530",517,5,5
"2531",2875,187,4
"2532",1271,359,5
"2533",1271,91,5
"2534",1271,435,5
"2535",1136,621,5
"2536",1136,227,5
"2537",1922,909,3
"2538",733,15,5
"2539",733,10,5
"2540",1495,286,3
"2541",2431,700,5
"2542",2431,5,5
"2543",2608,404,1
"2544",2608,660,3
"2545",1617,254,5
"2546",485,42,5
"2547",1123,959,5
"2548",1123,266,5
"2549",1,7,4
"2550",1,450,5
"2551",1,241,3
"2552",24,697,5
"2553",24,62,5
"2554",104,986,5
"2555",104,391,4
"2556",2950,721,5
"2557",2950,16,5
"2558",2950,469,5
"2559",764,294,5
"2560",764,837,4
"2561",764,733,5
"2562",764,307,4
"2563",764,170,4
"2564",781,811,5
"2565",2723,772,5
"2566",2723,5,5
"2567",1361,185,5
"2568",1361,177,5
"2569",1361,18,5
"2570",2108,325,5
"2571",2108,577,5
"2572",65,383,5
"2573",65,234,5
"2574",65,105,5
"2575",2243,655,4
"2576",2506,248,4
"2577",2506,23,4
"2578",282,620,5
"2579",296,2,5
"2580",296,697,5
"2581",1182,133,5
"2582",2714,71,1
"2583",1412,97,5
"2584",1412,222,5
"2585",435,480,5
"2586",435,445,5
"2587",435,354,3
"2588",188,133,5
"2589",188,313,5
"2590",188,281,5
"2591",1341,429,5
"2592",2877,458,5
"2593",342,688,5
"2594",342,671,5
"2595",99,686,5
"2596",99,836,5
"2597",99,80,5
"2598",99,761,5
"2599",681,453,4
"2600",681,182,5
"2601",1296,307,5
"2602",1296,350,5
"2603",1296,916,5
"2604",1296,511,5
"2605",2717,725,1
"2606",2717,19,2
"2607",2717,106,1
"2608",2717,16,3
"2609",2717,390,5
"2610",2717,708,5
"2611",2717,103,5
"2612",2298,469,5
"2613",277,181,5
"2614",277,761,5
"2615",709,193,5
"2616",709,915,5
"2617",709,7,5
"2618",244,827,5
"2619",244,628,5
"2620",1036,237,5
"2621",1293,85,5
"2622",1293,281,5
"2623",1422,602,5
"2624",1422,189,5
"2625",1818,241,5
"2626",1818,250,5
"2627",1818,793,5
"2628",1818,559,5
"2629",910,399,5
"2630",910,166,5
"2631",910,573,5
"2632",910,19,5
"2633",2244,4,4
"2634",2244,69,4
"2635",2244,5,4
"2636",1866,189,5
"2637",1866,428,5
"2638",1409,455,5
"2639",1409,541,5
"2640",2411,245,4
"2641",2756,23,5
"2642",2927,65,2
"2643",2927,37,5
"2644",333,18,3
"2645",333,393,5
"2646",1501,571,5
"2647",284,288,5
"2648",1167,428,5
"2649",1167,588,2
"2650",1167,697,5
"2651",603,383,4
"2652",603,261,5
"2653",1754,485,5
"2654",2977,925,5
"2655",2977,588,4
"2656",1354,845,5
"2657",1354,213,5
"2658",2546,839,5
"2659",2546,108,5
"2660",2546,560,5
"2661",2546,48,5
"2662",2546,48,5
"2663",1394,377,5
"2664",2810,467,5
"2665",2810,252,5
"2666",1426,344,5
"2667",1668,520,4
"2668",1668,10,5
"2669",1668,757,5
"2670",2017,526,5
"2671",655,24,5
"2672",655,171,5
"2673",1320,817,5
"2674",1320,458,5
"2675",933,730,5
"2676",1431,80,4
"2677",998,957,1
"2678",1703,424,5
"2679",1703,402,5
"2680",231,68,3
"2681",1956,174,5
"2682",1956,222,5
"2683",1116,189,5
"2684",1546,586,5
"2685",1546,906,5
"2686",654,42,3
"2687",654,622,5
"2688",654,466,5
"2689",654,223,5
"2690",197,417,1
"2691",197,270,5
"2692",197,772,5
"2693",272,483,3
"2694",272,36,5
"2695",272,170,5
"2696",1054,268,5
"2697",1929,771,5
"2698",1929,73,5
"2699",1929,236,5
"2700",1929,836,5
"2701",2345,879,5
"2702",1425,140,4
"2703",1425,744,5
"2704",2368,762,5
"2705",2368,454,5
"2706",2368,437,5
"2707",2989,710,4
"2708",2831,222,5
"2709",2831,422,4
"2710",2831,523,5
"2711",2831,872,5
"2712",2451,350,5
"2713",2451,236,5
"2714",1507,761,5
"2715",1507,354,4
"2716",2509,222,5
"2717",2509,668,4
"2718",2094,188,5
"2719",2094,167,5
"2720",2094,183,5
"2721",1451,234,5
"2722",1451,11,3
"2723",1451,85,5
"2724",2505,30,5
"2725",16,144,4
"2726",16,789,3
"2727",2637,355,1
"2728",2637,372,5
"2729",2637,69,5
"2730",1937,7,5
"2731",885,458,5
"2732",142,775,5
"2733",142,483,2
"2734",2027,588,3
"2735",1558,772,5
"2736",1250,369,5
"2737",1250,204,5
"2738",1250,189,5
"2739",1890,77,5
"2740",1890,780,5
"2741",1890,495,5
"2742",1031,105,5
"2743",2414,52,5
"2744",2414,237,5
"2745",1618,511,2
"2746",2572,110,5
"2747",1191,300,5
"2748",1191,667,4
"2749",193,959,3
"2750",193,214,3
"2751",1778,137,5
"2752",2999,573,3
"2753",2448,783,5
"2754",2448,789,5
"2755",2312,707,5
"2756",2216,412,5
"2757",2216,227,5
"2758",1383,250,5
"2759",2614,366,5
"2760",2614,40,5
"2761",676,464,5
"2762",676,103,5
"2763",1814,529,5
"2764",1814,338,5
"2765",1814,769,5
"2766",1814,234,5
"2767",1814,625,5
"2768",1814,964,5
"2769",559,125,5
"2770",559,181,5
"2771",1497,31,5
"2772",715,369,5
"2773",2405,210,5
"2774",2405,123,5
"2775",804,169,3
"2776",2002,5,2
"2777",2002,395,5
"2778",2528,785,1
"2779",2528,183,4
"2780",2993,509,5
"2781",2993,428,5
"2782",2232,998,5
"2783",2232,710,2
"2784",2531,836,5
"2785",1340,12,5
"2786",1340,639,5
"2787",2426,557,4
"2788",2426,505,5
"2789",2426,787,4
"2790",1363,133,4
"2791",1363,587,5
"2792",1303,919,5
"2793",1303,454,2
"2794",765,10,5
"2795",765,241,5
"2796",765,117,5
"2797",765,11,5
"2798",478,772,5
"2799",478,80,5
"2800",478,193,5
"2801",478,52,5
"2802",2138,505,5
"2803",2138,179,5
"2804",1734,210,5
"2805",1734,280,4
"2806",2816,411,3
"2807",785,532,3
"2808",1576,7,5
"2809",1957,907,5
"2810",1957,133,5
"2811",1965,591,5
"2812",1965,164,5
"2813",1965,859,4
"2814",1965,38,2
"2815",950,157,5
"2816",950,332,5
"2817",2270,242,5
"2818",438,77,5
"2819",438,123,5
"2820",2611,30,5
"2821",511,14,5
"2822",511,49,5
"2823",370,266,5
"2824",370,190,5
"2825",370,118,5
"2826",2013,96,4
"2827",2013,108,2
"2828",2013,297,1
"2829",2013,480,5
"2830",828,789,5
"2831",828,44,5
"2832",828,105,4
"2833",270,191,5
"2834",270,84,4
"2835",2707,588,5
"2836",1161,266,5
"2837",1161,411,5
"2838",1161,417,3
"2839",1243,536,5
"2840",1243,689,4
"2841",1243,689,4
"2842",1570,588,5
"2843",345,236,5
"2844",345,646,5
"2845",345,432,5
"2846",626,761,4
"2847",626,133,5
"2848",626,297,4
"2849",626,879,5
"2850",2769,241,5
"2851",2769,108,5
"2852",2769,843,5
"2853",2769,181,5
"2854",2769,16,5
"2855",2645,12,5
"2856",1760,854,5
"2857",1760,217,5
"2858",1760,734,5
"2859",105,36,5
"2860",105,37,5
"2861",105,77,5
"2862",105,574,5
"2863",105,123,5
"2864",105,193,5
"2865",2026,455,3
"2866",1860,271,5
"2867",1637,796,5
"2868",1104,607,5
"2869",1388,446,3
"2870",1388,248,5
"2871",1388,102,5
"2872",520,10,5
"2873",520,142,3
"2874",2225,722,5
"2875",1772,838,5
"2876",906,108,5
"2877",906,520,5
"2878",1318,2,5
"2879",1318,10,5
"2880",2591,214,5
"2881",2591,52,5
"2882",2591,227,5
"2883",1986,957,5
"2884",1986,133,5
"2885",1986,520,5
"2886",1168,726,5
"2887",1168,269,5
"2888",1168,262,2
"2889",134,577,5
"2890",134,23,5
"2891",1580,136,5
"2892",1275,133,5
"2893",538,399,5
"2894",957,500,5
"2895",957,500,5
"2896",2082,519,5
"2897",2394,222,5
"2898",701,636,5
"2899",701,40,5
"2900",255,683,5
"2901",255,204,5
"2902",948,509,5
"2903",948,313,4
"2904",1897,196,5
"2905",826,73,5
"2906",826,817,5
"2907",1056,68,5
"2908",2423,133,4
"2909",2423,560,5
"2910",223,304,5
"2911",2440,846,5
"2912",2440,10,5
"2913",114,391,2
"2914",1785,359,5
"2915",1785,196,5
"2916",1785,109,5
"2917",1785,687,5
"2918",84,422,4
"2919",1633,80,5
"2920",1633,378,5
"2921",2055,42,4
"2922",1967,697,5
"2923",1002,7,5
"2924",1366,771,1
"2925",1366,193,5
"2926",1366,587,5
"2927",1366,25,5
"2928",1366,971,4
"2929",1723,940,5
"2930",1723,806,4
"2931",2472,587,1
"2932",2472,772,4
"2933",2472,129,4
"2934",2425,174,5
"2935",2425,23,5
"2936",2425,5,5
"2937",2284,5,5
"2938",2284,5,5
"2939",2284,5,5
"2940",2284,5,5
"2941",2284,5,5
"2942",1132,239,4
"2943",1132,211,1
"2944",1132,463,3
"2945",2964,628,5
"2946",2964,458,5
"2947",2964,135,5
"2948",736,269,5
"2949",736,282,2
"2950",1864,46,3
"2951",1864,715,5
"2952",2343,928,5
"2953",897,746,5
"2954",1110,174,5
"2955",1817,264,4
"2956",1817,595,4
"2957",1817,68,1
"2958",1192,112,5
"2959",1192,792,5
"2960",2412,477,4
"2961",2412,389,5
"2962",2392,133,5
"2963",2392,554,5
"2964",2701,355,5
"2965",2701,93,5
"2966",2879,611,1
"2967",2879,611,2
"2968",2879,607,5
"2969",2771,102,5
"2970",2771,299,5
"2971",2771,789,5
"2972",2746,99,5
"2973",2746,461,4
"2974",2746,41,5
"2975",491,525,4
"2976",512,876,4
"2977",512,635,4
"2978",512,526,2
"2979",1437,963,5
"2980",1437,653,5
"2981",351,14,5
"2982",351,106,5
"2983",2624,947,5
"2984",2624,294,5
"2985",2624,80,5
"2986",978,304,5
"2987",2485,7,4
"2988",2485,7,3
"2989",2485,532,4
"2990",288,977,5
"2991",288,82,4
"2992",288,139,4
"2993",288,313,4
"2994",2442,896,3
"2995",2631,645,5
"2996",2631,467,3
"2997",2583,780,4
"2998",2583,773,5
"2999",1789,229,5
"3000",1789,239,5
"3001",1789,225,5
"3002",1789,248,3
"3003",1516,43,4
"3004",1943,467,4
"3005",1863,196,5
"3006",2766,311,5
"3007",2766,554,5
"3008",573,444,5
"3009",573,634,4
"3010",702,179,4
"3011",2250,147,5
"3012",2250,980,5
"3013",1195,563,5
"3014",1195,280,5
"3015",2498,222,5
"3016",2498,147,3
"3017",2498,2,5
"3018",540,68,5
"3019",432,225,5
"3020",1278,587,5
"3021",1278,378,5
"3022",1837,571,4
"3023",1837,904,3
"3024",1837,499,4
"3025",1837,548,4
"3026",1954,710,5
"3027",1492,284,5
"3028",2404,281,5
"3029",1977,388,5
"3030",1977,429,4
"3031",2428,99,5
"3032",2428,603,5
"3033",374,466,5
"3034",374,750,5
"3035",374,602,5
"3036",374,179,3
"3037",374,181,5
"3038",1704,588,3
"3039",2375,367,5
"3040",608,354,4
"3041",608,696,4
"3042",608,926,3
"3043",2754,571,4
"3044",2754,773,5
"3045",94,32,5
"3046",94,532,5
"3047",94,42,5
"3048",1795,876,5
"3049",361,168,5
"3050",361,5,5
"3051",2103,756,5
"3052",2103,65,5
"3053",2103,231,5
"3054",2811,239,4
"3055",2416,52,5
"3056",2416,684,5
"3057",2562,520,5
"3058",2093,712,5
"3059",2093,106,4
"3060",2093,862,5
"3061",2093,831,3
"3062",2093,837,3
"3063",1679,52,5
"3064",1679,37,5
"3065",1679,15,5
"3066",1964,412,5
"3067",1964,294,5
"3068",1964,154,3
"3069",1964,409,5
"3070",2206,189,5
"3071",2206,133,5
"3072",2235,52,5
"3073",2235,808,4
"3074",2235,37,4
"3075",143,412,5
"3076",2691,56,5
"3077",2691,252,5
"3078",2691,179,4
"3079",2173,560,3
"3080",1119,313,4
"3081",895,108,5
"3082",895,569,5
"3083",1973,285,5
"3084",737,487,5
"3085",737,609,5
"3086",2843,277,5
"3087",2843,16,5
"3088",2295,12,5
"3089",873,8,5
"3090",873,711,5
"3091",2750,253,5
"3092",798,237,5
"3093",56,222,5
"3094",1200,509,4
"3095",2213,466,5
"3096",2213,684,5
"3097",2996,59,5
"3098",2996,129,5
"3099",1029,354,3
"3100",1029,42,3
"3101",1547,103,1
"3102",2823,899,5
"3103",1996,220,5
"3104",1996,697,2
"3105",1415,42,5
"3106",1415,61,5
"3107",1415,18,5
"3108",2409,90,5
"3109",2409,520,5
"3110",2409,724,5
"3111",2409,40,5
"3112",2409,633,5
"3113",1085,580,5
"3114",1085,177,5
"3115",1545,46,5
"3116",1715,606,5
"3117",1715,635,5
"3118",1715,85,5
"3119",238,290,5
"3120",238,208,5
"3121",708,581,4
"3122",1142,122,5
"3123",1142,350,3
"3124",1142,831,3
"3125",2648,257,5
"3126",2648,804,3
"3127",2648,46,1
"3128",2648,129,4
"3129",2500,806,3
"3130",2778,440,5
"3131",2778,529,5
"3132",2539,283,5
"3133",1928,30,5
"3134",1022,454,4
"3135",1069,338,5
"3136",1069,45,5
"3137",1527,80,5
"3138",1527,947,5
"3139",1527,294,5
"3140",1527,388,5
"3141",409,133,5
"3142",409,133,5
"3143",409,133,5
"3144",409,157,5
"3145",409,68,4
"3146",2968,676,5
"3147",2968,702,4
"3148",329,322,5
"3149",329,199,5
"3150",544,129,5
"3151",544,146,5
"3152",544,428,5
"3153",159,20,4
"3154",159,271,4
"3155",1976,5,5
"3156",1756,585,5
"3157",1756,926,5
"3158",1756,34,5
"3159",1756,56,5
"3160",2759,761,5
"3161",984,341,5
"3162",984,48,5
"3163",687,784,1
"3164",687,309,2
"3165",687,6,5
"3166",2784,257,5
"3167",2784,604,5
"3168",406,228,5
"3169",406,849,5
"3170",1074,591,5
"3171",1074,736,5
"3172",2208,136,5
"3173",2208,482,5
"3174",1215,73,5
"3175",1215,432,5
"3176",1215,175,5
"3177",1211,604,5
"3178",2201,987,5
"3179",2201,52,5
"3180",1564,293,4
"3181",2757,329,5
"3182",2618,897,4
"3183",2618,537,5
"3184",2618,30,5
"3185",518,832,5
"3186",368,398,5
"3187",2772,172,5
"3188",2772,16,5
"3189",2772,971,3
"3190",2857,555,4
"3191",2857,52,4
"3192",778,529,5
"3193",2655,955,4
"3194",2655,466,2
"3195",2655,261,2
"3196",2681,512,5
"3197",2681,133,4
"3198",2681,43,5
"3199",1556,294,5
"3200",1556,412,4
"3201",2779,369,5
"3202",2779,588,5
"3203",2616,229,5
"3204",2616,474,5
"3205",2616,238,4
"3206",429,831,3
"3207",1019,226,5
"3208",2785,101,5
"3209",2785,289,5
"3210",2785,625,2
"3211",1327,432,5
"3212",1327,369,5
"3213",317,294,5
"3214",935,326,5
"3215",935,32,5
"3216",1585,903,5
"3217",2976,172,5
"3218",2976,24,5
"3219",2976,772,5
"3220",1676,432,4
"3221",1676,723,4
"3222",2455,817,5
"3223",2455,3,5
"3224",2455,474,5
"3225",1653,897,2
"3226",814,80,5
"3227",814,511,5
"3228",427,830,2
"3229",2997,554,3
"3230",2536,22,5
"3231",2536,199,3
"3232",2536,684,5
"3233",2536,18,5
"3234",2870,822,5
"3235",1171,147,5
"3236",98,588,5
"3237",98,741,5
"3238",98,199,5
"3239",1761,10,5
"3240",830,814,5
"3241",830,480,5
"3242",830,65,2
"3243",1450,267,4
"3244",1450,2,5
"3245",74,291,4
"3246",169,25,5
"3247",169,22,3
"3248",169,126,5
"3249",2160,515,5
"3250",2160,255,5
"3251",2866,179,5
"3252",2966,146,5
"3253",2966,361,3
"3254",2966,160,5
"3255",506,564,5
"3256",506,517,5
"3257",1879,597,4
"3258",411,183,3
"3259",411,830,4
"3260",411,121,5
"3261",411,283,4
"3262",411,781,3
"3263",411,223,5
"3264",2662,23,5
"3265",2936,378,5
"3266",2936,224,5
"3267",2936,697,5
"3268",2936,432,5
"3269",849,108,5
"3270",719,880,5
"3271",1931,463,5
"3272",2034,369,5
"3273",405,80,4
"3274",678,193,5
"3275",678,838,4
"3276",53,157,5
"3277",373,432,5
"3278",630,110,1
"3279",630,36,5
"3280",630,250,5
"3281",1169,154,1
"3282",2569,587,5
"3283",2569,925,4
"3284",2569,227,5
"3285",97,145,5
"3286",97,380,1
"3287",97,770,5
"3288",97,281,5
"3289",43,677,5
"3290",43,30,1
"3291",43,269,1
"3292",993,509,5
"3293",2774,997,5
"3294",2456,729,5
"3295",2456,449,5
"3296",2139,179,5
"3297",2139,7,5
"3298",2661,289,5
"3299",1208,998,5
"3300",1208,363,2
"3301",1208,718,4
"3302",516,214,5
"3303",516,3,5
"3304",1832,282,5
"3305",2290,157,5
"3306",2290,133,5
"3307",622,43,5
"3308",622,236,5
"3309",622,80,5
"3310",622,697,5
"3311",622,834,5
"3312",1739,744,5
"3313",2628,101,5
"3314",1776,780,5
"3315",477,395,5
"3316",1918,281,5
"3317",1918,696,5
"3318",152,691,1
"3319",152,547,5
"3320",152,597,3
"3321",152,479,3
"3322",2876,25,4
"3323",2876,309,5
"3324",454,107,5
"3325",454,432,5
"3326",454,378,3
"3327",703,251,5
"3328",1572,18,4
"3329",890,69,5
"3330",580,574,5
"3331",580,951,5
"3332",1659,135,5
"3333",1659,135,5
"3334",2050,487,5
"3335",2050,772,5
"3336",2227,181,1
"3337",102,124,5
"3338",102,7,5
"3339",79,445,5
"3340",548,813,3
"3341",649,209,5
"3342",649,307,2
"3343",649,701,1
"3344",2639,18,5
"3345",796,242,5
"3346",955,540,3
"3347",955,365,5
"3348",955,64,5
"3349",955,787,1
"3350",2790,618,5
"3351",2790,463,5
"3352",2790,783,5
"3353",2790,30,5
"3354",2790,744,5
"3355",2790,479,5
"3356",659,80,5
"3357",2217,688,5
"3358",2217,16,5
"3359",1480,181,4
"3360",1480,400,5
"3361",569,179,4
"3362",569,363,3
"3363",2942,947,5
"3364",2942,281,5
"3365",2942,344,5
"3366",734,226,5
"3367",734,42,5
"3368",734,683,5
"3369",117,32,5
"3370",117,185,5
"3371",2904,52,5
"3372",1997,679,5
"3373",668,838,5
"3374",668,294,5
"3375",668,587,5
"3376",1059,52,5
"3377",1059,466,5
"3378",248,241,5
"3379",248,458,5
"3380",2826,42,5
"3381",2826,178,5
"3382",2826,391,5
"3383",181,428,5
"3384",2326,7,5
"3385",2326,252,5
"3386",2326,474,5
"3387",2326,554,5
"3388",2760,927,5
"3389",2760,745,4
"3390",1660,487,5
"3391",1660,646,5
"3392",1733,289,5
"3393",1733,280,5
"3394",2204,110,5
"3395",2204,112,5
"3396",1489,131,4
"3397",886,718,5
"3398",886,289,5
"3399",886,99,5
"3400",1154,618,5
"3401",2307,347,5
"3402",2307,855,4
"3403",1064,372,5
"3404",1064,157,5
"3405",585,193,4
"3406",585,786,4
"3407",531,705,5
"3408",531,551,5
"3409",2039,522,5
"3410",2039,37,5
"3411",2986,460,5
"3412",1880,7,5
"3413",1880,52,5
"3414",2555,42,5
"3415",2555,517,5
"3416",1894,560,5
"3417",2919,374,1
"3418",2919,65,2
"3419",1072,23,5
"3420",412,129,5
"3421",2534,157,5
"3422",750,887,5
"3423",218,727,5
"3424",2383,557,5
"3425",2383,72,5
"3426",2383,540,5
"3427",29,241,3
"3428",29,236,3
"3429",1764,429,4
"3430",128,194,5
"3431",2542,211,2
"3432",2542,489,5
"3433",2542,756,5
"3434",1374,378,5
"3435",2716,122,4
"3436",2716,174,3
"3437",2188,280,5
"3438",2188,11,5
"3439",96,608,4
"3440",96,99,5
"3441",2567,133,5
"3442",1980,477,5
"3443",1980,284,5
"3444",1980,561,5
"3445",2585,606,5
"3446",2585,606,5
"3447",1220,22,5
"3448",1220,71,5
"3449",1220,385,3
"3450",1220,55,5
"3451",1220,180,4
"3452",1220,806,5
"3453",69,760,5
"3454",2151,687,4
"3455",2151,390,4
"3456",1369,77,5
"3457",752,688,5
"3458",172,547,5
"3459",172,106,5
"3460",1247,224,5
"3461",2024,193,5
"3462",2024,80,5
"3463",2024,409,5
"3464",2862,744,5
"3465",2862,52,4
"3466",2126,831,5
"3467",2728,7,5
"3468",2728,554,5
"3469",1070,809,5
"3470",1070,583,5
"3471",613,672,5
"3472",1011,813,5
"3473",1337,192,3
"3474",1337,2,5
"3475",366,68,5
"3476",366,312,5
"3477",366,378,5
"3478",1935,552,4
"3479",422,99,5
"3480",422,181,5
"3481",422,157,5
"3482",422,73,5
"3483",976,686,5
"3484",896,431,5
"3485",2521,222,5
"3486",2983,5,5
"3487",490,281,5
"3488",490,646,5
"3489",1463,147,5
"3490",2356,752,5
"3491",592,161,5
"3492",592,5,5
"3493",592,338,5
"3494",1972,677,5
"3495",1972,289,5
"3496",1972,294,5
"3497",922,390,5
"3498",2131,251,1
"3499",2131,369,5
"3500",1896,142,5
"3501",1896,51,4
"3502",1156,591,5
"3503",2941,196,5
"3504",2941,266,5
"3505",1834,229,5
"3506",1834,14,5
"3507",1259,560,5
"3508",1259,294,5
"3509",156,127,5
"3510",156,520,5
"3511",156,378,4
"3512",1583,378,5
"3513",2279,836,3
"3514",2279,694,5
"3515",925,923,4
"3516",71,485,5
"3517",71,567,5
"3518",2764,60,5
"3519",2764,10,5
"3520",2957,869,5
"3521",73,28,5
"3522",73,127,3
"3523",73,15,5
"3524",343,705,5
"3525",343,169,1
"3526",343,357,5
"3527",2988,285,3
"3528",2154,77,5
"3529",2154,800,5
"3530",571,257,5
"3531",571,692,5
"3532",1562,394,5
"3533",1562,7,5
"3534",1562,644,5
"3535",2148,527,4
"3536",2077,906,5
"3537",2077,754,4
"3538",2077,577,5
"3539",2077,458,5
"3540",2077,480,5
"3541",2077,302,3
"3542",2077,5,2
"3543",2566,580,5
"3544",1862,30,2
"3545",639,188,5
"3546",639,610,5
"3547",639,122,5
"3548",639,547,5
"3549",639,653,5
"3550",641,5,5
"3551",641,165,2
"3552",757,16,5
"3553",757,241,4
"3554",996,616,5
"3555",996,876,5
"3556",996,123,5
"3557",996,498,5
"3558",23,10,5
"3559",23,741,5
"3560",23,369,5
"3561",1297,363,5
"3562",136,269,5
"3563",2972,55,5
"3564",2972,133,5
"3565",1924,758,5
"3566",1924,752,1
"3567",1979,679,5
"3568",1979,648,5
"3569",1979,147,5
"3570",2231,99,5
"3571",2231,363,5
"3572",2231,499,5
"3573",2946,980,5
"3574",2285,52,5
"3575",1050,995,5
"3576",916,605,5
"3577",1987,344,5
"3578",718,635,1
"3579",2496,214,5
"3580",2496,208,5
"3581",2496,561,1
"3582",51,257,4
"3583",51,108,5
"3584",51,297,1
"3585",1111,378,5
"3586",1111,925,5
"3587",391,754,5
"3588",391,281,5
"3589",2272,792,5
"3590",2272,123,5
"3591",2060,236,5
"3592",319,96,3
"3593",319,435,5
"3594",359,773,5
"3595",359,467,5
"3596",2748,203,5
"3597",2748,234,5
"3598",2370,6,5
"3599",2370,776,5
"3600",2370,838,5
"3601",2370,123,5
"3602",2370,77,5
"3603",457,480,5
"3604",2537,45,5
"3605",1810,645,5
"3606",997,270,5
"3607",997,289,5
"3608",997,5,5
"3609",2742,152,5
"3610",2742,679,3
"3611",1946,77,5
"3612",1946,350,5
"3613",293,487,5
"3614",1773,181,4
"3615",2886,697,5
"3616",2886,293,5
"3617",2886,509,5
"3618",2804,588,5
"3619",1709,587,4
"3620",1709,145,4
"3621",1709,538,4
"3622",1709,281,4
"3623",2603,358,5
"3624",2605,610,5
"3625",923,923,2
"3626",2550,168,5
"3627",1202,22,4
"3628",1202,7,5
"3629",2584,701,4
"3630",2584,40,4
"3631",2584,794,5
"3632",660,7,5
"3633",660,473,5
"3634",660,245,5
"3635",2846,956,5
"3636",2846,36,4
"3637",484,509,4
"3638",484,313,5
"3639",1809,228,1
"3640",1319,650,5
"3641",1319,222,5
"3642",1319,269,5
"3643",2781,549,5
"3644",2389,928,5
"3645",2389,267,3
"3646",1658,171,4
"3647",1658,159,4
"3648",1658,170,5
"3649",1234,329,4
"3650",969,633,5
"3651",1122,222,5
"3652",1597,10,5
"3653",1597,80,5
"3654",1462,30,5
"3655",1462,722,5
"3656",1462,722,5
"3657",602,474,5
"3658",1448,290,4
"3659",1448,484,4
"3660",1442,233,5
"3661",1442,265,5
"3662",1442,189,5
"3663",1442,157,5
"3664",519,520,5
"3665",519,350,5
"3666",519,971,5
"3667",1281,520,4
"3668",1281,378,4
"3669",1281,971,5
"3670",787,794,5
"3671",2737,241,5
"3672",2737,684,5
"3673",2737,5,5
"3674",2379,783,5
"3675",493,677,5
"3676",672,181,5
"3677",672,226,3
"3678",445,204,5
"3679",445,213,5
"3680",1239,101,5
"3681",1239,140,5
"3682",1239,639,5
"3683",1051,30,4
"3684",1051,101,5
"3685",2260,140,5
"3686",2260,105,3
"3687",2260,101,5
"3688",610,327,3
"3689",610,222,4
"3690",1827,51,5
"3691",1827,219,5
"3692",1008,466,5
"3693",1336,970,5
"3694",1336,178,5
"3695",1190,101,5
"3696",2520,427,5
"3697",2730,652,5
"3698",2730,514,5
"3699",2730,140,5
"3700",1044,409,5
"3701",1044,363,5
"3702",1044,140,5
"3703",1044,101,5
"3704",2860,723,5
"3705",621,479,5
"3706",621,835,5
"3707",881,532,5
"3708",881,363,5
"3709",2663,537,5
"3710",2663,52,5
"3711",2663,338,4
"3712",243,311,5
"3713",2350,236,5
"3714",1240,532,5
"3715",1240,253,5
"3716",1446,171,5
"3717",1446,616,5
"3718",1446,178,5
"3719",1399,49,4
"3720",1399,40,4
"3721",187,140,5
"3722",187,212,4
"3723",363,457,5
"3724",363,254,5
"3725",1432,416,5
"3726",146,780,5
"3727",746,4,5
"3728",120,372,5
"3729",120,609,4
"3730",120,409,5
"3731",1524,801,5
"3732",772,967,5
"3733",772,361,5
"3734",772,697,5
"3735",2803,817,4
"3736",2803,236,5
"3737",2803,761,5
"3738",2803,80,5
"3739",2803,509,5
"3740",2803,10,5
"3741",2803,189,5
"3742",1594,5,5
"3743",1759,367,5
"3744",1759,209,5
"3745",2396,646,1
"3746",2396,245,3
"3747",2396,305,5
"3748",2137,707,5
"3749",2702,517,5
"3750",2702,517,5
"3751",2501,440,5
"3752",2200,726,1
"3753",2200,248,5
"3754",2200,175,5
"3755",2682,293,5
"3756",2682,697,5
"3757",2682,224,5
"3758",2384,929,5
"3759",1349,697,4
"3760",1349,302,3
"3761",780,133,2
"3762",2212,761,5
"3763",2212,445,3
"3764",2212,394,3
"3765",2880,670,5
"3766",2880,15,5
"3767",2880,537,5
"3768",2880,5,5
"3769",1471,15,5
"3770",1471,471,5
"3771",1471,32,5
"3772",1471,645,5
"3773",1642,294,3
"3774",1642,761,3
"3775",1982,906,5
"3776",2161,131,5
"3777",2161,619,2
"3778",2470,865,5
"3779",476,561,5
"3780",476,147,5
"3781",476,280,5
"3782",476,223,5
"3783",130,761,3
"3784",130,309,5
"3785",2677,123,4
"3786",2677,129,5
"3787",2677,951,5
"3788",2677,909,5
"3789",250,110,5
"3790",784,163,3
"3791",326,494,5
"3792",326,224,4
"3793",326,123,4
"3794",420,368,5
"3795",2045,761,5
"3796",2045,25,2
"3797",1806,80,5
"3798",1806,7,1
"3799",2698,157,5
"3800",2698,236,5
"3801",337,147,5
"3802",337,70,5
"3803",442,452,5
"3804",442,129,5
"3805",442,281,5
"3806",1367,366,5
"3807",59,621,5
"3808",388,946,5
"3809",508,281,5
"3810",2233,78,5
"3811",2233,26,5
"3812",2233,78,5
"3813",2461,880,5
"3814",2461,293,3
"3815",353,113,3
"3816",353,732,5
"3817",961,140,5
"3818",961,222,5
"3819",961,618,5
"3820",961,241,5
"3821",418,5,5
"3822",418,5,5
"3823",2185,8,5
"3824",2185,312,4
"3825",1377,947,5
"3826",2395,180,3
"3827",2395,183,5
"3828",2395,223,4
"3829",2395,760,5
"3830",2186,547,4
"3831",756,799,4
"3832",756,808,5
"3833",249,902,5
"3834",2794,863,5
"3835",2794,204,4
"3836",942,110,5
"3837",1280,51,5
"3838",2497,204,5
"3839",2497,157,5
"3840",2497,294,5
"3841",2849,887,5
"3842",2438,22,3
"3843",2855,355,3
"3844",2855,931,5
"3845",2855,266,5
"3846",2855,931,5
"3847",1695,80,5
"3848",1695,350,5
"3849",107,241,5
"3850",107,19,4
"3851",107,483,4
"3852",1163,670,1
"3853",1163,70,5
"3854",2286,391,5
"3855",2286,474,5
"3856",2286,147,5
"3857",2063,236,5
"3858",2063,412,5
"3859",2063,487,5
"3860",1632,494,4
"3861",1632,14,5
"3862",1632,684,5
"3863",820,113,5
"3864",820,761,5
"3865",194,10,5
"3866",256,399,5
"3867",1688,181,3
"3868",1688,610,5
"3869",2863,133,1
"3870",2136,11,5
"3871",2136,532,5
"3872",2692,996,5
"3873",2692,991,5
"3874",2062,133,3
"3875",2062,157,5
"3876",118,16,5
"3877",118,180,5
"3878",118,562,5
"3879",127,947,5
"3880",127,520,5
"3881",127,332,4
"3882",2408,653,5
"3883",827,526,5
"3884",2256,401,5
"3885",2256,278,5
"3886",2030,489,3
"3887",2030,5,5
"3888",2030,213,5
"3889",1621,817,5
"3890",712,445,5
"3891",712,52,5
"3892",2869,915,5
"3893",2869,950,4
"3894",175,770,5
"3895",2123,124,5
"3896",2299,42,3
"3897",1323,995,4
"3898",1408,322,4
"3899",1408,965,4
"3900",2052,456,5
"3901",2052,183,5
"3902",2052,353,5
"3903",2291,391,5
"3904",2291,879,4
"3905",1404,549,5
"3906",894,718,4
"3907",254,391,5
"3908",254,840,5
"3909",254,253,5
"3910",254,358,5
"3911",254,291,5
"3912",1225,2,5
"3913",1225,711,5
"3914",2215,769,5
"3915",2215,16,5
"3916",19,157,5
"3917",19,285,5
"3918",19,189,5
"3919",19,449,5
"3920",85,102,4
"3921",85,163,4
"3922",85,357,5
"3923",85,529,4
"3924",2059,894,5
"3925",355,811,5
"3926",799,168,5
"3927",799,224,5
"3928",494,269,5
"3929",2276,506,5
"3930",2577,697,3
"3931",2601,399,5
"3932",55,974,4
"3933",1165,541,5
"3934",919,783,4
"3935",919,467,5
"3936",919,252,3
"3937",1975,524,5
"3938",2309,248,5
"3939",2309,942,4
"3940",1127,178,1
"3941",1145,327,4
"3942",126,127,5
"3943",126,31,5
"3944",340,970,4
"3945",744,342,5
"3946",744,342,5
"3947",1203,707,5
"3948",207,96,5
"3949",1055,5,5
"3950",1055,40,5
"3951",1353,760,5
"3952",1353,133,4
"3953",1353,133,5
"3954",2573,189,5
"3955",2573,10,5
"3956",2573,241,5
"3957",941,474,5
"3958",941,193,5
"3959",941,280,5
"3960",565,78,5
"3961",565,866,3
"3962",729,359,4
"3963",729,231,5
"3964",2544,870,3
"3965",2544,189,5
"3966",2544,926,5
"3967",227,164,5
"3968",1439,474,5
"3969",1439,466,5
"3970",795,181,5
"3971",795,103,4
"3972",2196,899,4
"3973",2196,541,4
"3974",1358,775,5
"3975",1358,327,5
"3976",1520,101,3
"3977",2229,178,5
"3978",2229,363,5
"3979",2229,8,5
"3980",2229,463,5
"3981",2229,105,4
"3982",2229,229,4
"3983",2229,300,2
"3984",862,363,5
"3985",862,618,5
"3986",274,686,3
"3987",1793,910,2
"3988",2171,761,5
"3989",2006,817,5
"3990",546,188,5
"3991",2443,210,5
"3992",2443,274,5
"3993",2443,274,5
"3994",2443,274,5
"3995",1944,33,5
"3996",1944,257,5
"3997",1944,220,5
"3998",1743,126,5
"3999",2302,64,4
"4000",2302,574,3
"4001",1886,200,5
"4002",1886,752,5
"4003",2376,317,5
"4004",2376,531,5
"4005",1744,1,4
"4006",1744,266,4
"4007",1744,64,4
"4008",2612,193,5
"4009",2612,129,5
"4010",2612,80,5
"4011",2612,696,5
"4012",2612,108,5
"4013",386,344,5
"4014",503,200,4
"4015",1522,627,5
"4016",1522,778,5
"4017",1745,318,4
"4018",1745,16,5
"4019",185,19,4
"4020",2898,890,5
"4021",2413,336,3
"4022",2413,167,3
"4023",2413,42,5
"4024",2413,509,5
"4025",2162,270,5
"4026",2162,494,5
"4027",2289,369,5
"4028",2289,236,5
"4029",2289,236,5
"4030",2289,222,5
"4031",2985,650,2
"4032",2985,2,2
"4033",2985,85,3
"4034",1185,112,5
"4035",1555,302,5
"4036",82,775,3
"4037",2638,193,5
"4038",1254,919,5
"4039",946,584,5
"4040",228,313,5
"4041",1664,315,5
"4042",1664,232,5
"4043",2600,772,4
"4044",2600,265,5
"4045",2600,80,5
"4046",2962,76,4
"4047",2962,520,4
"4048",2962,412,5
"4049",553,172,5
"4050",553,10,5
"4051",553,395,2
"4052",1016,224,5
"4053",1940,77,5
"4054",1940,447,5
"4055",1174,610,3
"4056",1609,157,5
"4057",1609,73,2
"4058",1609,909,5
"4059",1609,761,5
"4060",1609,350,5
"4061",1609,193,5
"4062",2579,469,5
"4063",2579,15,5
"4064",632,880,5
"4065",1334,761,5
"4066",1702,114,5
"4067",1702,141,5
"4068",347,363,4
"4069",347,783,5
"4070",1644,110,5
"4071",2930,569,5
"4072",1010,632,5
"4073",1010,116,4
"4074",1010,52,5
"4075",1100,372,5
"4076",1100,369,2
"4077",1100,73,4
"4078",1577,396,3
"4079",1577,357,5
"4080",1577,361,5
"4081",1577,106,5
"4082",1577,321,5
"4083",2133,212,5
"4084",2133,73,5
"4085",1096,474,5
"4086",1096,280,5
"4087",2476,696,5
"4088",1820,18,5
"4089",1820,97,4
"4090",1820,760,5
"4091",1276,46,5
"4092",2725,412,5
"4093",2725,445,5
"4094",2106,19,5
"4095",2106,122,5
"4096",2193,633,5
"4097",643,458,4
"4098",643,7,4
"4099",643,605,5
"4100",1694,987,5
"4101",1694,107,5
"4102",1694,394,5
"4103",1595,596,3
"4104",1595,964,5
"4105",1595,253,5
"4106",1595,480,5
"4107",1595,182,5
"4108",378,25,5
"4109",378,588,5
"4110",2646,919,4
"4111",341,20,4
"4112",341,96,4
"4113",2495,519,5
"4114",1731,104,5
"4115",1870,783,5
"4116",1870,541,4
"4117",1870,474,4
"4118",1094,621,5
"4119",335,146,5
"4120",335,526,3
"4121",1811,261,4
"4122",1811,129,5
"4123",1811,810,1
"4124",2132,944,5
"4125",2132,986,5
"4126",2132,476,5
"4127",2656,329,5
"4128",502,158,3
"4129",502,836,4
"4130",2191,108,5
"4131",2191,625,5
"4132",2074,165,3
"4133",2074,280,5
"4134",1398,965,3
"4135",1398,880,5
"4136",1398,349,5
"4137",1398,706,5
"4138",1553,951,5
"4139",1553,588,5
"4140",2934,32,5
"4141",2934,947,5
"4142",2934,369,5
"4143",2934,416,5
"4144",2934,2,5
"4145",617,293,5
"4146",617,313,5
"4147",595,157,5
"4148",595,332,5
"4149",1605,250,5
"4150",1605,391,5
"4151",2360,69,5
"4152",2360,110,5
"4153",2129,726,5
"4154",176,220,5
"4155",176,226,5
"4156",2170,108,3
"4157",1343,157,5
"4158",1685,248,5
"4159",1230,281,5
"4160",290,80,5
"4161",2615,274,4
"4162",2004,428,5
"4163",2004,40,5
"4164",748,505,5
"4165",748,699,5
"4166",1457,7,5
"4167",1041,349,5
"4168",1041,581,5
"4169",971,420,4
"4170",971,201,2
"4171",1006,196,5
"4172",1006,307,5
"4173",967,540,2
"4174",2003,73,5
"4175",2003,80,5
"4176",1159,967,4
"4177",1159,334,5
"4178",1913,520,5
"4179",349,445,5
"4180",349,597,5
"4181",349,363,5
"4182",1028,442,4
"4183",1028,28,5
"4184",110,500,5
"4185",110,7,5
"4186",677,211,5
"4187",3000,838,5
"4188",3000,281,5
"4189",877,485,4
"4190",877,179,5
"4191",877,283,4
"4192",2325,587,5
"4193",2325,332,5
"4194",2325,378,5
"4195",301,520,5
"4196",301,926,5
"4197",1101,189,5
"4198",1101,432,5
"4199",2275,222,5
"4200",2275,254,4
"4201",1198,893,5
"4202",2364,35,5
"4203",2364,263,4
"4204",1601,369,5
"4205",1601,350,5
"4206",2322,181,5
"4207",2322,106,5
"4208",1287,289,5
"4209",1287,525,3
"4210",875,523,5
"4211",2355,346,2
"4212",2355,4,5
"4213",2355,474,4
"4214",2654,252,5
"4215",2654,280,5
"4216",2654,363,5
"4217",543,522,5
"4218",543,789,5
"4219",1769,222,5
"4220",225,363,5
"4221",225,618,5
"4222",421,181,4
"4223",2102,588,5
"4224",258,428,5
"4225",258,42,2
"4226",258,452,3
"4227",113,696,5
"4228",1623,733,4
"4229",2403,733,4
"4230",2403,233,5
"4231",1619,224,3
"4232",1619,645,5
"4233",1619,307,5
"4234",1701,625,5
"4235",979,386,4
"4236",1009,59,4
"4237",2899,754,5
"4238",2331,646,5
"4239",2331,412,5
"4240",2418,23,4
"4241",2418,248,5
"4242",1482,108,5
"4243",1482,84,5
"4244",1482,223,5
"4245",2834,193,5
"4246",2834,193,5
"4247",166,453,4
"4248",166,559,5
"4249",695,332,3
"4250",1060,349,5
"4251",1060,176,5
"4252",372,16,5
"4253",372,285,5
"4254",291,19,5
"4255",291,37,5
"4256",291,653,5
"4257",291,592,5
"4258",2845,248,5
"4259",2845,289,5
"4260",960,158,1
"4261",960,435,4
"4262",960,513,3
"4263",1390,339,4
"4264",1390,27,4
"4265",1390,69,5
"4266",1390,299,4
"4267",1197,69,5
"4268",1197,52,5
"4269",1197,234,5
"4270",2380,168,5
"4271",1537,623,3
"4272",1537,907,5
"4273",1537,495,5
"4274",1134,538,5
"4275",375,578,3
"4276",1112,55,5
"4277",749,543,4
"4278",2007,264,5
"4279",2007,618,5
"4280",2203,369,5
"4281",2203,245,5
"4282",2203,926,5
"4283",2203,123,5
"4284",721,147,5
"4285",721,391,5
"4286",721,467,5
"4287",721,206,5
"4288",1914,435,5
"4289",2066,179,5
"4290",1544,275,4
"4291",821,291,5
"4292",821,10,5
"4293",601,106,5
"4294",365,661,3
"4295",365,22,5
"4296",383,224,4
"4297",383,42,5
"4298",332,926,5
"4299",332,139,5
"4300",705,736,5
"4301",705,271,1
"4302",705,828,2
"4303",2349,453,5
"4304",1645,715,5
"4305",1645,704,5
"4306",1645,652,5
"4307",198,5,5
"4308",198,15,5
"4309",198,537,5
"4310",1717,641,5
"4311",598,291,5
"4312",1578,783,5
"4313",1578,254,5
"4314",2847,170,5
"4315",2847,902,5
"4316",2847,133,5
"4317",1680,36,4
"4318",1680,129,5
"4319",2732,730,5
"4320",876,281,5
"4321",704,957,5
"4322",704,432,5
"4323",704,961,5
"4324",1978,193,5
"4325",1978,161,5
"4326",2163,25,5
"4327",2163,514,3
"4328",2163,266,5
"4329",2163,22,1
"4330",2163,65,4
"4331",1199,893,5
"4332",818,138,5
"4333",818,633,5
"4334",1103,515,5
"4335",1554,40,1
"4336",77,266,5
"4337",77,127,4
"4338",77,63,4
"4339",2865,468,5
"4340",2838,749,1
"4341",1904,206,5
"4342",1430,645,5
"4343",1430,171,5
"4344",587,269,5
"4345",217,487,5
"4346",2014,332,5
"4347",2014,229,5
"4348",2014,820,5
"4349",1683,760,5
"4350",937,687,5
"4351",937,181,5
"4352",1970,68,3
"4353",1970,329,5
"4354",1990,157,5
"4355",1990,431,5
"4356",574,294,3
"4357",489,406,5
"4358",1194,52,5
"4359",148,271,5
"4360",148,951,5
"4361",148,688,1
"4362",148,483,1
"4363",2329,313,4
"4364",2329,59,5
"4365",813,90,5
"4366",211,62,5
"4367",211,520,5
"4368",211,129,5
"4369",1245,781,5
"4370",1245,635,3
"4371",2304,947,4
"4372",1599,844,5
"4373",1599,881,5
"4374",1696,137,4
"4375",2530,225,5
"4376",939,219,5
"4377",939,252,3
"4378",939,879,2
"4379",499,6,5
"4380",499,99,5
"4381",2588,78,5
"4382",2588,430,5
"4383",1151,124,1
"4384",1674,435,5
"4385",1674,213,5
"4386",579,621,5
"4387",1751,225,5
"4388",1751,164,5
"4389",1751,706,5
"4390",777,31,5
"4391",777,327,5
"4392",777,474,5
"4393",777,214,5
"4394",928,123,5
"4395",1672,746,5
"4396",1672,232,5
"4397",1858,195,5
"4398",1858,80,5
"4399",1858,224,5
"4400",1626,73,5
"4401",1626,696,4
"4402",2947,332,5
"4403",2947,224,5
"4404",2947,480,5
"4405",2947,761,5
"4406",1906,867,5
"4407",1906,639,4
"4408",2091,314,5
"4409",1357,46,5
"4410",1357,458,5
"4411",1300,908,5
"4412",1300,159,5
"4413",2659,314,3
"4414",2659,16,1
"4415",2659,16,2
"4416",2659,280,3
"4417",2703,236,5
"4418",67,697,5
"4419",1993,221,5
"4420",1993,139,5
"4421",1993,572,4
"4422",716,106,5
"4423",988,447,5
"4424",988,97,5
"4425",75,165,2
"4426",1663,452,5
"4427",1808,707,4
"4428",1808,157,5
"4429",436,7,5
"4430",436,113,5
"4431",72,353,4
"4432",72,405,4
"4433",1787,817,5
"4434",376,813,3
"4435",376,505,5
"4436",1360,29,5
"4437",1272,338,5
"4438",1272,291,5
"4439",1272,211,3
"4440",1272,59,4
"4441",1510,448,5
"4442",1464,996,5
"4443",1464,265,5
"4444",1464,124,5
"4445",1464,369,5
"4446",1515,146,2
"4447",1882,222,3
"4448",1882,222,4
"4449",1882,458,5
"4450",2768,31,5
"4451",2687,327,5
"4452",521,796,5
"4453",797,748,5
"4454",797,677,5
"4455",797,761,5
"4456",2321,52,1
"4457",2595,123,5
"4458",2595,432,5
"4459",2595,925,5
"4460",2595,761,5
"4461",1178,25,4
"4462",1048,131,5
"4463",1048,489,5
"4464",1048,551,5
"4465",2995,860,4
"4466",1625,686,5
"4467",782,591,5
"4468",2205,48,5
"4469",2205,435,5
"4470",1838,222,5
"4471",2458,935,5
"4472",2458,638,5
"4473",2458,376,5
"4474",1887,174,5
"4475",1887,140,5
"4476",1887,113,5
"4477",2610,129,5
"4478",2610,972,4
"4479",2610,378,5
"4480",768,327,5
"4481",768,391,5
"4482",2908,380,5
"4483",2908,668,5
"4484",2908,248,5
"4485",2908,181,5
"4486",2908,623,4
"4487",2484,14,5
"4488",2484,806,5
"4489",2484,469,5
"4490",2484,164,5
"4491",1719,222,5
"4492",2958,495,5
"4493",871,234,4
"4494",547,42,5
"4495",547,259,5
"4496",646,267,4
"4497",646,255,5
"4498",646,43,5
"4499",646,583,5
"4500",646,794,5
"4501",646,468,5
"4502",2674,266,5
"4503",2040,28,1
"4504",2984,309,4
"4505",1088,15,5
"4506",1088,178,5
"4507",1068,294,4
"4508",1226,398,5
"4509",401,129,5
"4510",401,77,4
"4511",401,123,5
"4512",401,193,5
"4513",2789,133,5
"4514",2427,445,1
"4515",2427,466,5
"4516",206,224,5
"4517",206,73,5
"4518",206,588,5
"4519",1107,234,5
"4520",1107,183,4
"4521",1911,209,5
"4522",1911,512,1
"4523",15,51,5
"4524",930,329,5
"4525",2141,160,2
"4526",2141,30,5
"4527",267,644,5
"4528",267,71,5
"4529",2023,479,5
"4530",2023,174,5
"4531",958,919,5
"4532",958,146,4
"4533",958,40,5
"4534",958,46,5
"4535",246,147,1
"4536",246,147,1
"4537",671,147,5
"4538",671,467,4
"4539",70,4,5
"4540",70,433,4
"4541",70,989,4
"4542",70,583,5
"4543",1460,354,5
"4544",1460,5,5
"4545",1443,283,2
"4546",1443,879,5
"4547",1443,222,3
"4548",1443,222,5
"4549",1443,801,5
"4550",1082,826,3
"4551",1380,252,4
"4552",807,254,4
"4553",807,618,4
"4554",807,618,5
"4555",1115,789,5
"4556",1655,879,5
"4557",2839,344,3
"4558",1700,671,5
"4559",2493,185,5
"4560",419,78,4
"4561",419,485,5
"4562",1782,80,5
"4563",1782,487,5
"4564",2535,332,4
"4565",2535,432,4
"4566",867,192,3
"4567",1152,696,5
"4568",428,10,4
"4569",428,486,5
"4570",441,826,5
"4571",441,18,2
"4572",779,149,5
"4573",779,96,5
"4574",779,170,5
"4575",2961,42,4
"4576",2264,222,5
"4577",2264,781,5
"4578",2264,744,5
"4579",2264,181,5
"4580",474,625,4
"4581",474,625,4
"4582",189,71,5
"4583",1876,559,5
"4584",1876,540,3
"4585",1876,540,3
"4586",1294,291,5
"4587",2956,651,5
"4588",1909,344,5
"4589",1000,965,5
"4590",1630,80,4
"4591",1611,662,4
"4592",1611,223,5
"4593",2856,915,5
"4594",987,222,5
"4595",987,189,5
"4596",2465,43,5
"4597",513,6,4
"4598",513,363,4
"4599",2543,35,5
"4600",2543,266,4
"4601",2543,561,4
"4602",2715,185,5
"4603",2715,994,5
"4604",2450,149,1
"4605",2450,365,5
"4606",2450,175,5
"4607",1591,818,5
"4608",1459,418,1
"4609",199,416,3
"4610",199,750,5
"4611",199,494,5
"4612",316,361,5
"4613",316,19,5
"4614",316,157,5
"4615",316,317,5
"4616",316,245,5
"4617",2751,244,1
"4618",2751,294,5
"4619",2445,89,1
"4620",1075,50,5
"4621",1075,394,5
"4622",1075,563,5
"4623",1075,52,5
"4624",1075,31,5
"4625",1869,388,5
"4626",1529,159,4
"4627",1529,978,5
"4628",536,450,5
"4629",536,512,4
"4630",2184,195,1
"4631",2184,46,5
"4632",2767,40,1
"4633",1477,225,5
"4634",1477,811,5
"4635",492,292,4
"4636",492,786,4
"4637",492,472,4
"4638",492,157,4
"4639",492,350,4
"4640",938,972,5
"4641",938,556,4
"4642",417,31,5
"4643",417,140,5
"4644",893,566,5
"4645",893,359,5
"4646",893,211,5
"4647",893,122,5
"4648",1040,741,5
"4649",1040,920,5
"4650",1040,387,3
"4651",2883,389,4
"4652",1533,458,5
"4653",1697,520,5
"4654",1697,193,5
"4655",2893,133,5
"4656",150,266,5
"4657",150,458,5
"4658",2463,133,4
"4659",2463,133,5
"4660",915,585,5
"4661",1903,604,5
"4662",1903,391,5
"4663",328,79,5
"4664",2253,643,4
"4665",2253,133,5
"4666",2253,189,4
"4667",1573,349,3
"4668",2378,976,5
"4669",2378,179,5
"4670",2378,140,5
"4671",2734,463,5
"4672",2734,103,5
"4673",106,140,5
"4674",2083,221,5
"4675",1447,543,5
"4676",1447,123,5
"4677",239,40,5
"4678",239,906,5
"4679",239,862,4
"4680",239,902,5
"4681",26,774,5
"4682",26,221,5
"4683",298,946,4
"4684",298,454,2
"4685",298,974,3
"4686",523,105,5
"4687",523,652,5
"4688",523,524,5
"4689",2347,803,5
"4690",2347,48,5
"4691",1525,402,4
"4692",1525,830,5
"4693",2488,684,5
"4694",2488,147,5
"4695",2488,196,5
"4696",2009,274,5
"4697",38,361,1
"4698",38,241,5
"4699",38,312,3
"4700",38,46,1
"4701",1196,369,5
"4702",1196,133,4
"4703",1196,133,4
"4704",2143,377,4
"4705",149,697,4
"4706",149,831,5
"4707",149,34,2
"4708",464,852,5
"4709",1519,62,1
"4710",1274,280,5
"4711",1274,195,5
"4712",1053,80,5
"4713",1053,3,5
"4714",496,332,4
"4715",496,996,3
"4716",693,253,4
"4717",693,667,4
"4718",2459,887,5
"4719",2125,80,5
"4720",2125,34,5
"4721",845,529,5
"4722",845,225,5
"4723",845,965,5
"4724",2457,231,5
"4725",2457,384,2
"4726",879,588,5
"4727",1073,596,5
"4728",1073,7,3
"4729",808,157,5
"4730",2407,341,5
"4731",49,591,4
"4732",49,73,3
"4733",49,193,4
"4734",2487,278,5
"4735",1315,208,1
"4736",1315,294,5
"4737",1315,73,1
"4738",588,412,5
"4739",588,543,5
"4740",1846,281,5
"4741",1846,624,5
"4742",292,307,5
"4743",292,588,5
"4744",1649,281,5
"4745",1649,224,5
"4746",1649,123,5
"4747",1649,378,5
"4748",2008,7,5
"4749",1440,244,5
"4750",1440,171,5
"4751",1440,157,5
"4752",1440,34,5
"4753",1631,19,5
"4754",1631,338,5
"4755",1108,951,5
"4756",1126,629,5
"4757",1126,629,5
"4758",1126,10,5
"4759",1126,51,5
"4760",1126,10,5
"4761",1126,791,4
"4762",1690,334,5
"4763",1690,391,5
"4764",1690,838,5
"4765",1690,610,5
"4766",1231,626,5
"4767",1231,324,5
"4768",1231,624,5
"4769",2978,146,3
"4770",2978,23,5
"4771",2043,473,5
"4772",2043,747,1
"4773",2043,196,5
"4774",1420,290,4
"4775",1420,859,5
"4776",1227,212,5
"4777",1227,792,5
"4778",2627,940,5
"4779",2627,292,5
"4780",2627,108,3
"4781",2627,5,5
"4782",2627,52,5
"4783",2627,862,1
"4784",1371,744,3
"4785",1371,734,4
"4786",1371,903,5
"4787",1900,588,5
"4788",1900,224,5
"4789",1910,479,5
"4790",1910,976,5
"4791",2273,794,5
"4792",2273,73,5
"4793",2953,457,5
"4794",161,88,5
"4795",2552,80,4
"4796",2894,189,5
"4797",286,313,4
"4798",286,947,4
"4799",1186,405,5
"4800",1186,213,5
"4801",932,55,5
"4802",932,106,5
"4803",999,934,5
"4804",999,129,5
"4805",812,312,5
"4806",812,193,4
"4807",727,45,4
"4808",727,233,4
"4809",581,696,5
"4810",593,94,5
"4811",467,695,5
"4812",467,414,5
"4813",467,36,5
"4814",467,68,5
"4815",1634,303,5
"4816",2166,222,5
"4817",416,783,5
"4818",416,919,5
"4819",863,280,5
"4820",1678,448,1
"4821",1148,250,5
"4822",1148,174,5
"4823",1148,618,2
"4824",1148,179,5
"4825",1148,561,5
"4826",977,569,5
"4827",977,831,5
"4828",1382,162,4
"4829",313,264,5
"4830",2245,272,5
"4831",362,366,5
"4832",362,773,5
"4833",173,908,5
"4834",1137,795,5
"4835",1137,14,5
"4836",555,781,4
"4837",2159,162,5
"4838",2159,162,5
"4839",537,111,5
"4840",1084,58,5
"4841",1084,71,5
"4842",1084,973,5
"4843",2328,454,5
"4844",2328,302,4
"4845",2172,560,5
"4846",650,583,4
"4847",650,142,5
"4848",1705,789,4
"4849",229,183,5
"4850",129,37,5
"4851",2202,96,5
"4852",2202,10,5
"4853",1219,841,5
"4854",2609,688,5
"4855",2335,887,3
"4856",2335,11,1
"4857",2335,363,5
"4858",2335,174,5
"4859",2335,113,5
"4860",2335,46,5
"4861",1210,52,5
"4862",2399,378,5
"4863",2399,193,5
"4864",2399,838,5
"4865",570,114,1
"4866",570,927,5
"4867",570,563,5
"4868",6,11,4
"4869",1893,341,4
"4870",2124,263,5
"4871",2124,18,1
"4872",2124,453,2
"4873",2124,792,5
"4874",2042,91,2
"4875",2042,59,5
"4876",2042,462,2
"4877",1435,218,5
"4878",944,48,5
"4879",1057,577,5
"4880",1057,515,5
"4881",945,701,5
"4882",645,109,5
"4883",645,469,5
"4884",645,114,5
"4885",645,183,5
"4886",1286,915,4
"4887",1286,64,4
"4888",1286,915,4
"4889",2741,586,4
"4890",2741,124,5
"4891",2741,586,4
"4892",2317,522,5
"4893",1647,129,5
"4894",1991,315,5
"4895",1991,361,5
"4896",1991,418,5
"4897",855,133,4
"4898",1939,711,5
"4899",1829,222,5
"4900",1829,976,5
"4901",661,352,5
"4902",661,133,5
"4903",661,133,5
"4904",1397,358,4
"4905",1397,951,4
"4906",589,189,5
"4907",589,588,5
"4908",2466,242,5
"4909",214,559,5
"4910",2095,317,4
"4911",852,222,5
"4912",2678,77,1
"4913",2678,369,5
"4914",2437,652,5
"4915",2128,229,2
"4916",2128,687,5
"4917",2128,12,5
"4918",2128,417,3
"4919",1391,224,5
"4920",1391,133,5
"4921",803,32,5
"4922",803,266,5
"4923",824,495,5
"4924",824,350,5
"4925",567,621,5
"4926",2362,645,5
"4927",2362,44,5
"4928",731,941,5
"4929",731,20,5
"4930",731,248,5
"4931",2021,253,5
"4932",2021,436,5
"4933",1612,688,5
"4934",164,161,5
"4935",164,206,5
"4936",164,273,5
"4937",164,103,5
"4938",164,43,5
"4939",2323,361,5
"4940",2323,52,5
"4941",2323,44,5
"4942",2323,225,5
"4943",2323,271,2
"4944",2323,609,5
"4945",430,254,2
"4946",430,879,4
"4947",430,474,5
"4948",430,213,4
"4949",2729,540,4
"4950",2729,826,4
"4951",2729,977,4
"4952",2729,471,3
"4953",726,618,1
"4954",726,386,1
"4955",726,33,4
"4956",991,80,5
"4957",991,199,5
"4958",322,262,4
"4959",2797,961,5
"4960",2797,426,5
"4961",1087,140,4
"4962",1087,756,4
"4963",1087,210,4
"4964",1087,978,4
"4965",1640,756,4
"4966",1640,206,5
"4967",1640,500,2
"4968",2568,129,5
"4969",2568,196,5
"4970",2568,588,5
"4971",735,550,5
"4972",563,77,4
"4973",755,876,5
"4974",755,994,5
"4975",755,369,5
"4976",1766,145,5
"4977",1766,432,5
"4978",1766,236,5
"4979",1027,935,5
"4980",2607,329,1
"4981",728,42,3
"4982",728,836,5
"4983",728,236,5
"4984",728,225,5
"4985",2824,836,5
"4986",2824,432,1
"4987",2178,345,5
"4988",1252,236,5
"4989",1252,416,5
"4990",770,332,3
"4991",770,449,5
"4992",770,489,5
"4993",770,252,5
"4994",1465,347,4
"4995",184,63,1
"4996",528,999,5
"4997",2706,637,5
"4998",2706,163,1
"4999",2706,715,5
"5000",2706,68,5
"5001",949,577,4
"5002",60,80,5
"5003",60,281,5
"5004",60,224,5
"5005",193,959,3
"5006",1724,321,5
"5007",2248,694,5
"5008",857,226,5
"5009",857,728,5
"5010",857,817,5
"5011",857,469,5
"5012",1916,574,3
"5013",953,311,5
"5014",953,114,5
"5015",1938,133,5
"5016",2783,87,3
"5017",2499,908,4
"5018",147,106,5
"5019",147,225,5
"5020",2439,222,5
"5021",357,236,5
"5022",357,696,5
"5023",575,28,1
"5024",575,135,5
"5025",575,342,1
"5026",2453,135,5
"5027",2453,135,5
"5028",2453,135,5
"5029",2348,8,5
"5030",2393,997,5
"5031",2393,413,4
"5032",456,880,5
"5033",2318,21,4
"5034",2318,995,4
"5035",1264,563,5
"5036",1264,183,5
"5037",1264,563,5
"5038",550,140,4
"5039",550,422,5
"5040",550,936,5
"5041",550,214,5
"5042",550,145,5
"5043",550,469,5
"5044",550,817,5
"5045",501,344,5
"5046",1551,798,4
"5047",1551,175,5
"5048",2508,214,5
"5049",2310,108,4
"5050",2310,390,5
"5051",2310,237,5
"5052",2310,529,3
"5053",2310,669,2
"5054",984,40,5
"5055",1444,121,5
"5056",1316,112,5
"5057",1316,268,5
"5058",1304,273,5
"5059",1311,370,5
"5060",1311,12,5
"5061",1181,9,4
"5062",1181,411,5
"5063",1468,52,5
"5064",440,763,5
"5065",440,671,5
"5066",995,902,4
"5067",2182,684,4
"5068",2182,113,2
"5069",2182,583,4
"5070",122,125,5
"5071",651,125,3
"5072",792,155,3
"5073",792,534,1
"5074",636,133,5
"5075",636,133,5
"5076",2168,236,5
"5077",2168,724,5
"5078",2168,236,5
"5079",1419,157,5
"5080",1234,181,3
"5081",1078,476,3
"5082",1173,996,4
"5083",1173,189,5
"5084",1173,335,5
"5085",623,137,5
"5086",2619,3,5
"5087",2619,3,5
"5088",2861,348,5
"5089",2861,88,5
"5090",666,46,4
"5091",666,46,4
"5092",666,46,4
"5093",666,46,4
"5094",2192,555,5
"5095",2192,237,5
"5096",2192,237,5
"5097",951,54,5
"5098",951,167,5
"5099",503,19,4
"5100",503,15,4
"5101",794,295,5
"5102",794,295,5
"5103",2191,582,4
"5104",2191,625,5
"5105",1535,86,3
"5106",1535,706,4
"5107",1535,86,3
"5108",325,81,4
"5109",466,227,2
"5110",466,227,2
"5111",959,59,4
"5112",959,908,5
"5113",959,59,4
"5114",2735,176,5
"5115",2858,235,1
"5116",2858,181,2
"5117",2799,723,5
"5118",115,890,5
"5119",1217,948,5
"5120",1217,643,5
"5121",1433,940,5
"5122",1401,314,5
"5123",1823,833,5
"5124",1752,473,5
"5125",1549,212,5
"5126",1549,212,5
